1,Joel Embiid,Phi,C-F,29.1,66,34.6,37,14.5,771,0.857,1128,0.587,200,0.33,0.573,0.655,33.1,10.2,4.2,1,1.7,3.4,43.2,37.2,47.4,13,124.4,104.1,106.1
2,Luka Doncic,Dal,F-G,24.1,66,36.2,37.7,14,694,0.742,908,0.588,541,0.342,0.56,0.609,32.4,8.6,8,1.4,0.5,3.6,41,40.4,49,14.4,120,109.2,105
3,Damian Lillard,Por,G,32.7,58,36.3,33.8,13.7,558,0.914,544,0.574,658,0.371,0.564,0.645,32.2,4.8,7.3,0.9,0.3,3.3,36.9,39.5,44.3,11.5,126.4,117.6,108.2
4,Shai Gilgeous-Alexander,Okc,G-F,24.7,68,35.5,32.8,12.2,739,0.905,1213,0.533,168,0.345,0.531,0.626,31.4,4.8,5.5,1.6,1,2.8,36.2,36.9,41.7,10.6,124.9,109.8,108
5,Giannis Antetokounmpo,Mil,F,28.3,63,32.1,38.8,16.2,772,0.645,1108,0.596,171,0.275,0.571,0.605,31.1,11.8,5.7,0.8,0.8,3.9,42.9,36.8,48.6,15.9,116.8,100.6,109.9
6,Jayson Tatum,Bos,F-G,25.1,74,36.9,32.7,12,622,0.854,873,0.558,686,0.35,0.543,0.607,30.1,8.8,4.6,1.1,0.7,2.9,38.8,34.7,43.5,11.6,118.6,106.7,107.3
7,Kevin Durant,Bro,F,34.5,39,36,31.5,15.6,285,0.937,545,0.622,189,0.376,0.607,0.674,29.7,6.7,5.3,0.8,1.5,3.5,36.4,35,41.7,11.3,122.3,110.5,106.1
8,Stephen Curry,Gol,G,35.1,56,34.7,31,13.6,281,0.915,494,0.579,639,0.427,0.614,0.656,29.4,6.1,6.3,0.9,0.4,3.2,35.5,35.7,41.8,12,123.4,112.1,117.9
9,LeBron James,Lal,F,38.3,55,35.5,33.3,12.7,327,0.768,841,0.58,377,0.321,0.55,0.584,28.9,8.3,6.8,0.9,0.6,3.2,37.2,35.7,44,13.3,114.5,110.3,116.9
10,Donovan Mitchell,Cle,G,26.6,68,35.8,32.1,11.4,368,0.867,767,0.566,635,0.386,0.572,0.614,28.3,4.3,4.4,1.5,0.4,2.6,32.5,32.7,36.9,9.1,118.7,107.2,113.5
11,Devin Booker,Pho,G,26.4,53,34.6,31.8,12,358,0.855,751,0.554,316,0.351,0.546,0.601,27.8,4.5,5.5,1,0.3,2.7,32.3,33.3,37.8,10.2,118.8,109,106.8
12,Kyrie Irving,Bro,G,31,40,36.9,29.7,10,179,0.883,471,0.569,348,0.374,0.565,0.604,27.1,5.1,5.3,1,0.8,2.3,32.2,32.4,37.5,9.8,118,111.5,108.4
13,Kyrie Irving,Dal,G,31,20,38.1,27.4,8.8,94,0.947,236,0.585,148,0.392,0.586,0.634,27,5,6,1.3,0.6,1.9,32,33,38,9.8,127.7,112.3,117.2
14,Jaylen Brown,Bos,G-F,26.5,67,35.9,31.5,12.5,344,0.765,896,0.576,487,0.335,0.55,0.581,26.6,6.9,3.5,1.1,0.4,2.9,33.5,30.1,36.9,9.6,109.8,106.5,107.3
15,Trae Young,Atl,G,24.6,73,34.8,32.6,17.7,639,0.886,930,0.476,460,0.335,0.485,0.573,26.2,3,10.2,1.1,0.1,4.1,29.2,36.4,39.3,10.7,116.2,117.5,109
16,Ja Morant,Mem,G,23.7,61,31.9,34.9,14.5,497,0.748,914,0.519,300,0.307,0.504,0.557,26.2,5.9,8.1,1.1,0.3,3.4,32,34.2,40.1,13.5,114.2,109.6,112.6
17,Mikal Bridges,Bro,F,26.6,27,34.2,30.3,8.9,179,0.894,322,0.531,181,0.376,0.543,0.607,26.1,4.5,2.7,1,0.6,1.8,30.6,28.8,33.3,8,117.6,114.6,112.2
18,Zion Williamson,Nor,F,22.8,29,33,30.4,17.4,248,0.714,450,0.618,19,0.368,0.615,0.652,26,7,4.6,1.1,0.6,3.4,33,30.6,37.6,11.4,120.3,108.3,114.6
19,Kevin Durant,Pho,F,34.5,8,33.7,26.8,13.5,48,0.833,87,0.586,41,0.537,0.656,0.697,26,6.4,3.5,0.3,1.3,2.5,32.4,29.5,35.9,9.9,126.5,114.9,111.9
20,Anthony Davis,Lal,F-C,30.1,56,34,28.4,11.2,444,0.784,889,0.588,74,0.257,0.573,0.626,25.9,12.6,2.6,1.1,2,2.2,38.5,28.6,41.1,11.1,124.7,104.9,112
21,Lauri Markkanen,Uta,F-C,25.9,66,34.4,26.6,10,399,0.875,634,0.585,511,0.391,0.586,0.64,25.6,8.6,1.9,0.6,0.6,1.9,34.3,27.5,36.1,8.7,125.5,112.6,112.3
22,Julius Randle,Nyk,F-C,28.4,77,35.5,29.5,13.1,531,0.757,796,0.553,636,0.343,0.536,0.581,25.1,10,4.1,0.6,0.3,2.8,35.1,29.2,39.2,11.4,116.8,106.5,108.9
23,De'Aaron Fox,Sac,G,25.3,73,33.4,30,12,440,0.78,965,0.583,366,0.325,0.557,0.599,25,4.2,6.1,1.1,0.3,2.5,29.2,31.1,35.3,10.3,119.2,112.2,102.6
24,Zach LaVine,Chi,G-F,28.1,77,36,28.3,12.3,428,0.848,844,0.556,544,0.375,0.558,0.607,24.8,4.5,4.2,0.9,0.2,2.5,29.3,29.1,33.6,8.6,115.6,111,105.8
25,Brandon Ingram,Nor,F,25.6,45,34.2,30.8,15.1,272,0.882,671,0.507,164,0.39,0.522,0.582,24.7,5.5,5.8,0.7,0.4,3.3,30.2,30.5,36,10.8,112.4,108.5,116
26,Anthony Edwards,Min,G,21.7,79,36,29.9,14.4,422,0.756,963,0.513,579,0.368,0.528,0.563,24.6,5.8,4.4,1.6,0.7,3.3,30.4,29.1,34.9,9.5,106,110.3,116.6
27,Nikola Jokic,Den,C,28.1,69,33.7,27.2,19.5,415,0.822,873,0.675,149,0.383,0.66,0.701,24.5,11.8,9.8,1.3,0.7,3.6,36.3,34.3,46.2,16.8,134.7,105.3,109.7
28,DeMar DeRozan,Chi,G-F,33.7,74,36.2,27.8,10.5,523,0.872,1161,0.526,142,0.324,0.522,0.592,24.5,4.6,5.1,1.1,0.5,2.1,29.2,29.6,34.3,9.2,118.8,109.1,116.3
29,Pascal Siakam,Tor,F,29,71,37.4,27.2,11.4,474,0.774,1026,0.523,287,0.324,0.515,0.565,24.2,7.8,5.8,0.9,0.5,2.4,32.1,30.1,37.9,11,118.2,108.6,113.8
30,Jalen Brunson,Nyk,G,26.6,68,35,27.2,10.6,392,0.829,873,0.519,322,0.416,0.547,0.597,24,3.5,6.2,0.9,0.2,2.1,27.6,30.2,33.8,9.2,124.6,112.6,112.4
31,Kawhi Leonard,Lac,F,31.8,52,33.6,27,9.2,279,0.871,621,0.551,250,0.416,0.572,0.623,23.8,6.5,3.9,1.4,0.5,1.7,30.3,27.8,34.3,10.1,125.1,111.3,110.3
32,Paul George,Lac,F,32.9,56,34.6,29.5,14.9,294,0.871,578,0.521,426,0.371,0.536,0.588,23.8,6.1,5.1,1.5,0.4,3.1,29.9,28.9,35,10.5,112.9,107.7,115.1
33,LaMelo Ball,Cha,G,21.6,36,35.2,30,15.2,121,0.843,338,0.45,383,0.376,0.51,0.541,23.3,6.4,8.4,1.3,0.3,3.6,29.7,31.7,38.1,12.2,108.5,108.6,107.3
34,Kristaps Porzingis,Was,F-C,27.7,65,32.6,27.4,11.8,416,0.851,662,0.559,356,0.385,0.565,0.627,23.2,8.4,2.7,0.9,1.5,2.1,31.6,25.8,34.2,9.9,121.8,107.3,116
35,Bradley Beal,Was,G,29.8,50,33.5,29.2,14.2,228,0.842,659,0.552,219,0.365,0.551,0.593,23.2,3.9,5.4,0.9,0.7,2.9,27.1,28.6,32.5,9.4,113.9,113.7,107.4
36,Jimmy Butler,Mia,F,33.6,64,33.4,25.6,10.2,555,0.85,785,0.564,103,0.35,0.56,0.647,22.9,5.8,5.3,1.8,0.3,1.6,28.7,28.2,34,10.7,135.9,111.3,104.6
37,Jalen Green,Hou,G,21.2,76,34.2,28.1,12.8,463,0.786,804,0.471,554,0.338,0.486,0.539,22.1,3.7,3.7,0.8,0.2,2.6,25.9,25.8,29.6,7.9,109.1,119.1,116.9
38,Keldon Johnson,San,F-G,23.5,63,32.7,27.9,10.7,327,0.749,706,0.523,407,0.329,0.512,0.551,22,5,2.9,0.7,0.2,2.1,27,24.9,29.9,8.4,108.1,118,115.8
39,Klay Thompson,Gol,G,33.2,69,33,26.4,8.9,132,0.879,521,0.47,731,0.412,0.556,0.576,21.9,4.1,2.4,0.7,0.4,1.8,26,24.2,28.4,7.3,109.6,114.2,109.4
40,Darius Garland,Cle,G,23.2,69,35.5,26.9,15,322,0.863,717,0.492,412,0.41,0.537,0.587,21.6,2.7,7.8,1.2,0.1,2.9,24.3,29.4,32.1,8.7,117.7,109.4,109.8
41,Bojan Bogdanovic,Det,F,34,59,32.1,25.9,13.3,303,0.884,529,0.539,353,0.411,0.57,0.627,21.6,3.8,2.6,0.6,0.1,2.3,25.4,24.2,27.9,7.4,117.7,117.5,115.3
42,Desmond Bane,Mem,G,24.8,58,31.8,26.1,11.8,205,0.883,532,0.534,407,0.408,0.568,0.606,21.5,5,4.4,1,0.4,2.2,26.5,25.9,30.9,9.8,118.8,107,104.5
43,Kyle Kuzma,Was,F,27.7,64,35,27.9,14.3,237,0.73,661,0.533,481,0.333,0.518,0.544,21.2,7.2,3.7,0.6,0.5,3,28.4,24.9,32.2,9.4,102.8,111.7,111
44,Anfernee Simons,Por,G,23.8,62,35,25.1,10.9,179,0.894,483,0.528,562,0.377,0.548,0.581,21.1,2.6,4.1,0.7,0.2,2.1,23.7,25.1,27.7,7,112.9,117.7,118
45,Terry Rozier,Cha,G,29.1,63,35.3,26.9,10.1,220,0.809,683,0.48,505,0.327,0.484,0.517,21.1,4.1,5.1,1.2,0.3,2.1,25.2,26.2,30.3,8.6,106,114.6,118.3
46,James Harden,Phi,G,33.6,58,36.8,25,18.8,361,0.867,424,0.495,419,0.384,0.536,0.607,21,6.1,10.7,1.2,0.5,3.4,27.1,31.6,37.7,12.1,123.3,110.7,112.3
47,CJ McCollum,Nor,G,31.6,75,35.3,26.4,12,238,0.769,801,0.469,543,0.389,0.515,0.541,20.9,4.4,5.7,0.9,0.5,2.4,25.3,26.6,31,9.1,109.5,111.2,107.8
48,Karl-Anthony Towns,Min,C-F,27.4,29,33,25.6,16.7,135,0.874,264,0.576,164,0.366,0.565,0.618,20.8,8.1,4.8,0.7,0.6,3,28.9,25.6,33.7,11.3,117,104.5,115.2
49,Jordan Clarkson,Uta,G,30.8,61,32.6,27.8,15.3,245,0.816,572,0.53,459,0.338,0.519,0.558,20.8,4,4.4,0.5,0.2,3,24.9,25.3,29.3,8.8,108.6,115.8,108.5
50,Tyrese Haliburton,Ind,G,23.1,56,33.6,23.9,14.4,203,0.867,439,0.572,402,0.4,0.586,0.624,20.7,3.7,10.4,1.6,0.4,2.5,24.4,31.2,34.8,11,128.9,119,114.2
51,Dejounte Murray,Atl,G,26.6,74,36.4,24.4,10.8,190,0.832,932,0.514,387,0.344,0.514,0.54,20.5,5.3,6.1,1.5,0.3,2.2,25.7,26.5,31.8,9.6,111.9,115.4,111.3
52,Jerami Grant,Por,F,29.1,63,35.6,22.8,11.3,342,0.813,554,0.523,359,0.401,0.554,0.606,20.5,4.5,2.4,0.8,0.8,1.8,25,22.9,27.3,6.8,117.1,116.1,114
53,Jordan Poole,Gol,G,23.8,82,30,29.2,16.5,415,0.87,641,0.524,637,0.336,0.514,0.573,20.4,2.7,4.5,0.8,0.3,3.1,23.2,24.9,27.7,8.4,109.1,111.5,110.6
54,Bam Adebayo,Mia,C-F,25.7,75,34.6,25.3,14.4,402,0.806,1102,0.545,12,0.083,0.541,0.592,20.4,9.2,3.2,1.2,0.8,2.5,29.6,23.6,32.8,9.8,116,105.6,112.6
55,Kelly Oubre Jr.,Cha,F-G,27.3,48,32.2,26.5,7.2,208,0.76,480,0.51,339,0.319,0.497,0.534,20.3,5.2,1.1,1.4,0.4,1.3,25.4,21.4,26.6,6.1,106.4,109.2,111.5
56,Tyrese Maxey,Phi,G,22.4,60,33.6,24.1,8.1,213,0.845,543,0.514,370,0.432,0.568,0.605,20.3,2.9,3.5,0.8,0.1,1.3,23.2,23.8,26.8,7,120.2,111.8,112.7
57,Tyler Herro,Mia,G,23.2,67,34.9,25.6,12.5,182,0.934,572,0.497,537,0.378,0.531,0.566,20.1,5.4,4.2,0.8,0.2,2.4,25.5,24.3,29.7,8.8,109.2,112,116.7
58,Louis King,Phi,F,24,1,28.8,24,13.3,1,0,5,0.8,8,0.5,0.769,0.744,20,4,2,1,0,2,24,22,26,7.5,125.8,103.2,103.1
59,Jamal Murray,Den,G,26.1,65,32.8,26.1,12.2,216,0.833,609,0.494,432,0.398,0.537,0.571,20,4,6.2,1,0.2,2.2,23.9,26.1,30.1,9.7,116.1,113.7,101.9
60,Paolo Banchero,Orl,F,20.4,72,33.7,27.5,15.1,534,0.738,837,0.471,285,0.298,0.465,0.529,20,6.9,3.7,0.8,0.5,2.8,26.9,23.7,30.6,9.5,105,109.8,105.9
61,Cade Cunningham,Det,G,21.5,12,33.4,30,14.8,43,0.837,163,0.466,61,0.279,0.453,0.492,19.9,6.2,6,0.8,0.6,3.3,26.1,25.9,32.1,10.8,100.1,112.7,109.2
62,RJ Barrett,Nyk,F-G,22.8,73,33.9,26.2,12.2,392,0.74,786,0.495,390,0.31,0.485,0.531,19.6,5.1,2.8,0.4,0.2,2.2,24.7,22.4,27.4,7.7,106.8,111.3,112.7
63,Fred VanVleet,Tor,G,29.1,69,36.7,23.2,11.2,283,0.898,506,0.455,606,0.342,0.486,0.54,19.3,4.1,7.2,1.8,0.6,2,23.4,26.5,30.6,9,116.6,109.8,111.7
64,Jrue Holiday,Mil,G,32.8,67,32.6,25,16.1,177,0.859,612,0.542,411,0.384,0.556,0.586,19.3,5.1,7.4,1.2,0.4,2.9,24.3,26.6,31.7,11,117.7,109.5,118.6
65,Kevin Porter Jr.,Hou,G-F,22.9,59,34.3,24.3,17.5,264,0.784,499,0.501,385,0.366,0.522,0.565,19.2,5.3,5.7,1.4,0.3,3.2,24.5,24.9,30.2,9.7,112.2,114.4,111.4
66,Domantas Sabonis,Sac,F-C,26.9,79,34.6,21.3,19.7,438,0.742,855,0.639,83,0.373,0.632,0.668,19.1,12.3,7.3,0.8,0.5,2.9,31.4,26.4,38.7,13.8,132.5,105.7,111.8
67,Franz Wagner,Orl,F,21.6,80,32.6,23.5,13,322,0.842,758,0.544,360,0.361,0.543,0.589,18.6,4.1,3.5,1,0.2,2.1,22.7,22.1,26.2,7.9,115,110.9,114.5
68,Jaren Jackson Jr.,Mem,F-C,23.6,63,28.4,24.7,11.5,306,0.788,540,0.585,282,0.355,0.567,0.613,18.6,6.8,1,1,3,1.7,25.4,19.6,26.3,7.1,117.8,100.3,107
69,Devin Vassell,San,G-F,22.6,38,31,24.4,8.7,100,0.78,329,0.48,266,0.387,0.525,0.55,18.5,3.9,3.6,1.1,0.4,1.5,22.4,22.1,26,8.2,110.2,118.7,110.1
70,Myles Turner,Ind,C-F,27,62,29.4,22,12.3,276,0.783,484,0.638,250,0.372,0.611,0.651,18,7.5,1.4,0.6,2.3,1.7,25.5,19.4,26.9,7.8,121.6,107.9,106.6
71,Deandre Ayton,Pho,C,24.7,67,30.4,22.9,11.9,200,0.76,863,0.597,24,0.292,0.592,0.617,18,10,1.7,0.6,0.8,1.8,27.9,19.7,29.6,8.9,118.8,104.7,116
72,D'Angelo Russell,Min,G,27.1,54,32.9,22.8,16.8,167,0.856,348,0.546,378,0.392,0.567,0.605,17.9,3.1,6.2,1.1,0.4,2.7,21,24.1,27.1,8.5,115.4,112.9,117.7
73,Spencer Dinwiddie,Dal,G,30,53,34.1,21.9,11.4,207,0.821,353,0.504,341,0.405,0.555,0.599,17.7,3.1,5.2,0.7,0.3,1.7,20.8,23,26.1,7.7,120.7,114.2,113.3
74,Nikola Vucevic,Chi,C,32.5,82,33.5,21.9,10.8,158,0.835,801,0.594,347,0.349,0.573,0.594,17.6,11,3.2,0.7,0.7,1.7,28.7,20.9,31.9,10.2,117.9,105.9,114.9
75,Gary Trent Jr.,Tor,G-F,24.2,66,32.1,21.7,5.6,205,0.839,485,0.493,450,0.369,0.522,0.56,17.4,2.6,1.6,1.6,0.2,0.8,20,19,21.6,5.2,116.2,113.8,113.6
76,D'Angelo Russell,Lal,G,27.1,17,30.9,22.6,15,49,0.735,110,0.555,111,0.414,0.588,0.61,17.4,2.9,6.1,0.6,0.5,2.3,20.4,23.5,26.4,8.7,118.3,114,111.5
77,Michael Porter Jr.,Den,F,24.8,62,29,22.7,7.7,120,0.8,363,0.579,454,0.414,0.602,0.621,17.4,5.5,1,0.6,0.5,1.1,22.9,18.5,24,6.3,118.3,110.8,107.4
78,Mikal Bridges,Pho,F,26.6,56,36.4,19.2,9.3,174,0.897,503,0.503,261,0.387,0.529,0.574,17.2,4.3,3.6,1.2,0.8,1.4,21.6,20.8,25.2,7.1,118.4,112.6,116.3
79,Andrew Wiggins,Gol,F,28.1,37,32.2,21.4,8.3,72,0.611,304,0.53,225,0.396,0.557,0.564,17.1,5,2.3,1.2,0.8,1.3,22.1,19.4,24.4,7.2,112.9,109.6,110.6
80,Norman Powell,Lac,G,29.9,60,26.1,26,12.4,277,0.812,423,0.534,287,0.397,0.559,0.612,17,2.9,1.8,0.8,0.3,1.7,19.9,18.8,21.7,6.8,115.5,110.2,111.8
81,Buddy Hield,Ind,G,30.3,80,31,20.9,11.8,129,0.822,361,0.518,677,0.425,0.596,0.614,16.8,5,2.8,1.2,0.3,1.7,21.8,19.6,24.6,8,115.5,115.4,114.3
82,O.G. Anunoby,Tor,F,25.7,67,35.6,19.5,13,167,0.838,518,0.539,367,0.387,0.556,0.586,16.8,5,2,1.9,0.7,2,21.7,18.7,23.7,6.2,112.6,108.6,113.5
83,Bennedict Mathurin,Ind,G-F,20.8,78,28.5,24.6,13.8,452,0.83,641,0.488,310,0.323,0.487,0.566,16.7,4.1,1.5,0.6,0.2,1.9,20.8,18.2,22.2,6.6,109.1,116.1,112.6
84,Christian Wood,Dal,F,27.5,67,25.9,26.4,13.6,281,0.772,490,0.594,279,0.376,0.583,0.624,16.6,7.3,1.8,0.4,1.1,1.8,24,18.4,25.8,9.3,117.1,106.8,113
85,Cameron Johnson,Bro,F,27.1,25,30.8,21.1,8.2,87,0.851,145,0.572,156,0.372,0.565,0.61,16.6,4.8,2.1,1.4,0.3,1.1,21.4,18.6,23.4,7.2,120,110.3,115.4
86,Josh Giddey,Okc,G,20.5,76,31.2,24.5,15.9,145,0.731,884,0.524,234,0.325,0.516,0.533,16.6,7.9,6.2,0.8,0.4,2.8,24.5,22.8,30.6,12,109.4,110.6,114.4
87,Spencer Dinwiddie,Bro,G,30,26,35.3,22.5,13.4,123,0.797,207,0.488,149,0.289,0.465,0.523,16.5,4.1,9.1,1.1,0.3,2.1,20.6,25.6,29.7,9.6,115,112.1,119.6
88,Jaden Ivey,Det,G,21.2,74,31.1,25.4,19.4,356,0.747,633,0.457,350,0.343,0.477,0.528,16.3,3.9,5.2,0.8,0.2,3.2,20.2,21.5,25.4,8.9,103.3,112.3,109.2
89,Aaron Gordon,Den,F,27.6,68,30.3,21.1,11.4,312,0.609,588,0.628,173,0.347,0.603,0.617,16.3,6.6,3,0.8,0.8,1.4,22.9,19.3,25.8,9.1,124.9,111.3,115.5
90,Evan Mobley,Cle,C,21.8,79,34.4,20.2,13.3,303,0.673,847,0.594,102,0.216,0.565,0.589,16.2,9,2.8,0.8,1.5,1.8,25.2,19,28,8.6,117.9,104,104.1
91,RaiQuan Gray,Bro,F,23.8,1,35.1,21.3,24.3,2,1,7,0.571,5,0.4,0.583,0.621,16,9,7,0,1,4,25,23,32,11.4,116.4,103.4,110.2
92,Russell Westbrook,Lal,G,34.4,52,28.7,28.9,20.2,238,0.655,516,0.467,213,0.296,0.46,0.496,15.9,6.2,7.5,1,0.4,3.6,22.1,23.4,29.6,12.6,101,106.7,102.7
93,Brook Lopez,Mil,C,35,78,30.4,19.3,10.6,190,0.784,535,0.637,364,0.374,0.606,0.63,15.9,6.7,1.3,0.5,2.5,1.4,22.5,17.2,23.8,6.8,122.4,106.2,113.4
94,Russell Westbrook,Lac,G,34.4,21,30.2,25.2,21.3,76,0.658,189,0.54,73,0.356,0.538,0.562,15.8,4.9,7.6,1.1,0.5,3.4,20.7,23.4,28.2,11.1,111.6,111.1,119.3
95,P.J. Washington,Cha,F,24.6,73,32.6,20.6,10.1,174,0.73,550,0.518,428,0.348,0.52,0.542,15.7,4.9,2.4,0.9,1.1,1.5,20.6,18.1,23,7,107.2,111.2,112.3
96,De'Andre Hunter,Atl,F-G,25.4,67,31.7,19.7,9.1,207,0.826,536,0.521,286,0.35,0.522,0.563,15.4,4.2,1.4,0.5,0.3,1.2,19.6,16.8,21,5.7,111.7,111.4,111.6
97,Skylar Mays,Por,G,25.6,6,31.5,19.3,12.8,13,0.923,42,0.524,26,0.462,0.588,0.624,15.3,3.2,8.3,1,0.2,1.7,18.5,23.7,26.8,9.4,132.4,117,109
98,Scottie Barnes,Tor,F,21.7,77,34.8,20.4,13.2,246,0.772,792,0.505,224,0.281,0.487,0.524,15.3,6.6,4.8,1.1,0.8,2,22,20.1,26.8,9,112.7,111.6,107.7
99,Kevin Huerter,Sac,G-F,24.6,75,29.4,19.9,10.1,131,0.725,356,0.604,510,0.402,0.603,0.617,15.2,3.3,2.9,1.1,0.3,1.3,18.5,18.1,21.5,7.2,119.5,111.2,106.3
100,Wendell Carter Jr.,Orl,C-F,24,57,29.6,20.5,14.7,195,0.738,388,0.624,225,0.356,0.591,0.621,15.2,8.7,2.3,0.5,0.6,1.9,23.9,17.5,26.3,9.1,119.3,105.7,113.6
101,Khris Middleton,Mil,F,31.7,33,24.3,27.4,14.9,102,0.902,244,0.516,162,0.315,0.499,0.551,15.1,4.2,4.9,0.7,0.2,2.2,19.3,20,24.2,11.1,113.2,106.1,118
102,Harrison Barnes,Sac,F,30.9,82,32.5,17.1,9.8,413,0.847,439,0.551,353,0.374,0.556,0.632,15,4.5,1.6,0.7,0.1,1,19.5,16.6,21,5.9,126.8,116.5,116.8
103,Immanuel Quickley,Nyk,G,23.8,81,28.9,20.9,9.6,248,0.819,482,0.521,454,0.37,0.537,0.578,14.9,4.2,3.4,1,0.2,1.2,19.1,18.4,22.5,8.3,122,110.3,112.3
104,Malcolm Brogdon,Bos,G,30.3,67,26,22.8,11.8,184,0.87,435,0.51,297,0.444,0.574,0.615,14.9,4.2,3.7,0.7,0.3,1.5,19.1,18.6,22.8,9.4,122.1,108.4,100.8
105,Alperen Sengun,Hou,C,20.7,75,28.9,21.4,19.4,288,0.715,742,0.57,57,0.333,0.565,0.599,14.8,9,3.9,0.9,0.9,2.6,23.8,18.7,27.7,11.1,117.3,107.8,113.7
106,Saddiq Bey,Det,F,24,52,28.8,21.4,8.2,209,0.861,313,0.46,293,0.345,0.488,0.552,14.8,4.7,1.6,1,0.2,1,19.5,16.4,21.1,6.7,114.7,116.2,109.8
107,Gordon Hayward,Cha,F,33,50,31.5,20,14.6,159,0.811,421,0.532,160,0.325,0.52,0.563,14.7,4.3,4.1,0.8,0.2,2,19,18.8,23.1,8.1,110.3,115.4,113.9
108,Tobias Harris,Phi,F,30.7,74,32.9,18.2,9.5,129,0.876,521,0.57,324,0.389,0.575,0.602,14.7,5.7,2.5,0.9,0.5,1.2,20.4,17.2,22.9,7.2,118.8,110.1,105
109,Trey Murphy III,Nor,F,22.8,79,31,16.6,7.2,190,0.905,302,0.613,497,0.406,0.611,0.65,14.5,3.6,1.4,1.1,0.5,0.8,18.1,15.9,19.5,5.4,128.5,110.3,112.8
110,Tim Hardaway Jr.,Dal,G-F,31.1,71,30.3,20.6,6.6,165,0.77,297,0.431,550,0.385,0.527,0.554,14.4,3.5,1.8,0.7,0.2,0.8,17.9,16.2,19.7,5.9,110.1,114.8,112.1
111,Collin Sexton,Uta,G,24.3,48,23.9,23.4,15.2,199,0.819,347,0.545,122,0.393,0.557,0.615,14.3,2.2,2.9,0.6,0.1,1.8,16.5,17.1,19.3,7.5,119.4,112.2,108.8
112,Dillon Brooks,Mem,G-F,27.2,73,30.3,21.8,9.5,154,0.779,552,0.451,439,0.326,0.468,0.494,14.3,3.3,2.6,0.9,0.2,1.4,17.7,16.9,20.3,6.6,102.3,105.5,110.1
113,Jarrett Allen,Cle,C,25,68,32.6,16.5,12.9,221,0.733,616,0.653,10,0.1,0.645,0.67,14.3,9.8,1.7,0.8,1.2,1.4,24,15.9,25.7,7.6,133.1,105,113.7
114,Jalen Williams,Okc,G-F,22,75,30.3,18.4,13.4,191,0.812,589,0.579,205,0.356,0.567,0.601,14.1,4.5,3.3,1.4,0.5,1.6,18.6,17.4,21.9,7.8,118.6,109.4,104.8
115,Jonas Valanciunas,Nor,C,30.9,79,24.9,23.4,16.3,224,0.826,707,0.577,109,0.349,0.57,0.61,14.1,10.2,1.8,0.3,0.7,2,24.3,15.9,26.1,10.2,116.9,99.8,110.1
116,Bobby Portis,Mil,F,28.2,70,26,21.7,9.2,125,0.768,546,0.555,257,0.37,0.555,0.575,14.1,9.6,1.5,0.4,0.2,1.2,23.7,15.6,25.2,9,117.3,105.2,116.6
117,Markelle Fultz,Orl,G,24.9,60,29.6,21.3,17,143,0.783,592,0.544,87,0.31,0.534,0.564,14,3.9,5.7,1.5,0.4,2.3,17.9,19.6,23.5,9.2,113.2,109.4,114.5
118,Mike Conley,Min,G,35.5,24,31.4,16.8,11,73,0.863,97,0.515,138,0.42,0.583,0.631,14,3.1,5,1.2,0.2,1.2,17.2,19,22.2,7.7,130.3,113.3,105.1
119,Bogdan Bogdanovic,Atl,G,30.6,54,27.9,19.8,9.6,77,0.831,251,0.506,360,0.406,0.566,0.586,14,3,2.8,0.8,0.3,1.2,17,16.8,19.8,7,116.5,115.1,107.6
120,Chris Paul,Pho,G,37.9,59,32,19.2,14.6,160,0.831,407,0.482,261,0.375,0.513,0.555,13.9,4.3,8.9,1.5,0.4,1.9,18.1,22.8,27,10.1,121.9,109.6,115
121,Cameron Johnson,Pho,F,27.1,17,25.3,19.6,5.5,33,0.818,74,0.5,99,0.455,0.604,0.629,13.9,3.8,1.5,0.9,0.4,0.6,17.7,15.4,19.2,6.8,127.3,110.4,104.4
122,Luguentz Dort,Okc,G,24,74,30.7,19.8,9.5,259,0.772,464,0.44,409,0.33,0.466,0.513,13.7,4.6,2.1,1,0.3,1.2,18.3,15.8,20.4,6.6,109.3,108.1,110.8
123,Malik Monk,Sac,G,25.2,77,22.3,25.8,15.5,207,0.889,398,0.538,398,0.359,0.538,0.587,13.5,2.6,3.9,0.6,0.3,1.9,16.2,17.4,20,9.2,113.9,112.6,105.8
124,Rudy Gobert,Min,C,30.8,70,30.7,16.3,18.3,340,0.644,543,0.663,3,0,0.659,0.675,13.4,11.6,1.2,0.8,1.4,1.7,25,14.7,26.3,7.4,128.1,103.9,107.9
125,Malik Beasley,Uta,G,26.4,55,26.7,21.3,8.2,44,0.841,198,0.485,471,0.359,0.522,0.535,13.4,3.6,1.7,0.8,0.1,1.1,17,15.1,18.7,6.5,107.2,115.3,106.6
126,Jusuf Nurkic,Por,C,28.6,52,26.7,22.2,19.1,192,0.661,386,0.567,119,0.361,0.561,0.589,13.3,9.1,2.9,0.8,0.8,2.3,22.4,16.2,25.3,10.6,112.7,104,110.5
127,Kris Dunn,Uta,G,29.1,22,25.8,20.2,13.9,53,0.774,180,0.55,36,0.472,0.576,0.606,13.2,4.5,5.6,1.1,0.5,1.6,17.7,18.8,23.4,10.7,124.8,107.6,105.2
128,Jakob Poeltl,Tor,C,27.5,26,27.2,17.5,11.2,72,0.569,230,0.652,0,0,0.652,0.652,13.1,9.1,2.2,1.2,1.3,1.1,22.2,15.3,24.4,9.4,132.1,103.3,109.1
129,Eric Gordon,Hou,G,34.3,47,30.2,18.1,14.8,135,0.815,233,0.536,245,0.347,0.528,0.572,13.1,2.1,2.9,0.6,0.4,1.8,15.1,16,18,5.7,112.6,122.2,113.3
130,John Collins,Atl,F-C,25.5,71,30,17,10,178,0.803,467,0.619,240,0.292,0.557,0.593,13.1,6.5,1.2,0.6,1,1.1,19.6,14.3,20.8,6.2,116.7,108.2,108.7
131,Austin Reaves,Lal,G,24.9,64,28.8,16.2,16.8,265,0.864,274,0.631,216,0.398,0.616,0.687,13,3,3.4,0.5,0.3,1.5,16,16.4,19.4,7.1,129.5,112.4,110.6
132,Jordan Nwora,Ind,F,24.6,24,24.6,21.2,11.4,43,0.721,139,0.518,109,0.422,0.569,0.586,13,4.7,2.1,0.5,0.3,1.3,17.7,15.1,19.8,8.2,112.7,115.2,112.9
133,Rui Hachimura,Was,F,25.2,30,24.3,23,10,58,0.759,235,0.545,89,0.337,0.534,0.558,13,4.3,1.2,0.4,0.4,1.2,17.3,14.2,18.4,6.7,106.2,113.8,114.4
134,Devonte' Graham,San,G,28.1,20,26.4,20.2,11.5,72,0.75,52,0.442,148,0.358,0.513,0.559,13,2.5,4,0.8,0.3,1.3,15.5,17,19.5,7.7,116.3,119,101.2
135,Cole Anthony,Orl,G,22.9,60,25.9,21.5,13,170,0.894,404,0.5,206,0.364,0.516,0.57,13,4.8,3.9,0.6,0.5,1.5,17.8,16.9,21.7,9.6,116.8,106.3,114.6
136,Tre Jones,San,G,23.3,68,29.2,19.3,12.9,172,0.86,585,0.506,158,0.285,0.489,0.534,12.9,3.6,6.6,1.3,0.1,1.6,16.5,19.5,23.1,9.2,116.7,118.7,110.4
137,Jabari Smith Jr.,Hou,F,19.9,79,31,18.4,10.4,206,0.786,501,0.487,391,0.307,0.475,0.514,12.8,7.2,1.3,0.5,0.9,1.3,20,14.1,21.3,6.4,107.4,112.1,109.8
138,Alec Burks,Det,G,31.7,51,22,22.8,11.2,188,0.814,220,0.459,239,0.414,0.544,0.602,12.8,3.1,2.2,0.7,0.2,1.1,15.9,15,18.1,8.1,119.8,112.9,111.7
139,James Wiseman,Det,C,22,24,25.2,21.6,13.2,59,0.712,226,0.562,18,0.167,0.539,0.565,12.7,8.1,0.7,0.2,0.8,1.5,20.8,13.4,21.5,6.6,108.7,108.3,119.2
140,Kenyon Martin Jr.,Hou,F,22.3,82,28,16.4,11.2,222,0.68,504,0.679,216,0.315,0.617,0.635,12.7,5.5,1.5,0.5,0.4,1.1,18.2,14.2,19.7,6.7,125.5,116.5,105.7
141,Dennis Schroder,Lal,G,29.6,66,30.1,18.6,14.7,252,0.857,426,0.46,225,0.329,0.472,0.545,12.6,2.5,4.5,0.8,0.2,1.7,15.1,17.1,19.6,6.9,111.5,110.9,112.6
142,Nic Claxton,Bro,F-C,24,76,29.9,15.5,14.1,246,0.541,585,0.708,2,0,0.705,0.691,12.6,9.2,1.9,0.9,2.5,1.3,21.9,14.5,23.8,8.1,133.4,105.2,114.5
143,Mac McClung,Phi,G,24.3,2,20.6,27.4,12.9,5,0.6,9,0.556,11,0.364,0.55,0.563,12.5,5,4.5,0,0,1.5,17.5,17,22,12.7,119.3,109.9,113.4
144,Kelly Olynyk,Uta,F-C,32,68,28.6,17.8,23.2,232,0.853,321,0.576,235,0.396,0.584,0.644,12.5,6.2,3.7,0.9,0.5,2.5,18.6,16.2,22.3,9.2,117.6,106.1,111.8
145,Derrick White,Bos,G,28.8,82,28.3,17.7,11.1,192,0.875,367,0.548,391,0.381,0.56,0.604,12.4,3.6,3.9,0.7,0.9,1.2,16,16.3,19.9,7.9,124.5,107.8,116.9
146,Mason Plumlee,Cha,F-C,33.1,56,28.5,15.7,17.8,256,0.605,396,0.669,0,0,0.669,0.673,12.2,9.6,3.7,0.6,0.6,1.5,21.9,15.9,25.5,10.6,134.1,106.5,113.7
147,Keegan Murray,Sac,F,22.6,80,29.8,15.8,7.1,81,0.765,281,0.527,501,0.411,0.584,0.597,12.2,4.6,1.2,0.8,0.5,0.8,16.8,13.4,18.1,5.5,118.8,112.8,105.4
148,Jakob Poeltl,San,C,27.5,46,26.1,18.6,19.8,129,0.605,387,0.618,1,0,0.616,0.625,12.1,9,3.1,0.8,1.1,2.1,21.1,15.2,24.2,10.7,119.2,110.8,108.6
149,Jaden McDaniels,Min,F,22.5,79,30.6,15.8,13.5,144,0.736,447,0.588,270,0.396,0.591,0.611,12.1,3.9,1.9,0.9,1,1.4,15.9,13.9,17.8,5.9,115.3,107.6,106.3
150,Caris LeVert,Cle,G,28.6,74,30.3,18.7,13.5,180,0.722,418,0.462,324,0.392,0.517,0.546,12.1,3.8,3.9,1,0.3,1.6,15.9,16,19.8,7.4,111.6,106.7,105.3
151,Bones Hyland,Den,G,22.6,42,19.5,28.5,13.4,82,0.866,193,0.425,241,0.378,0.503,0.54,12.1,2,3,0.7,0.3,1.6,14.1,15.1,17.1,8.6,106.1,110.1,110.3
152,Thomas Bryant,Lal,C-F,25.7,41,21.3,18.2,8.5,108,0.741,251,0.697,50,0.44,0.691,0.712,12.1,6.8,0.7,0.3,0.6,0.7,18.9,12.8,19.6,7.3,138.3,105.3,119.9
153,Clint Capela,Atl,C,28.9,65,26.6,15.7,9.1,131,0.603,535,0.654,1,0,0.653,0.656,12,11,0.9,0.7,1.2,0.8,23,12.9,23.9,7.4,137,108,100.5
154,Marvin Bagley III,Det,F,24.1,42,23.6,20.5,10.7,108,0.75,317,0.577,66,0.288,0.552,0.585,12,6.4,0.9,0.5,0.7,1.1,18.4,12.9,19.3,7,117.3,112.7,108.7
155,Lonnie Walker IV,Lal,G-F,24.3,56,23.2,20.2,8,106,0.858,278,0.522,249,0.365,0.534,0.57,11.7,1.9,1.1,0.5,0.3,0.8,13.6,12.8,14.8,5,111.1,112.8,100
156,Zach Collins,San,F-C,25.4,63,22.9,21.2,19,142,0.761,401,0.571,147,0.374,0.568,0.599,11.6,6.4,2.9,0.6,0.8,2,18,14.5,20.8,10.5,112.4,107.4,96.5
157,Saddiq Bey,Atl,F,24,25,25.1,17.4,6.9,29,0.862,105,0.552,125,0.4,0.578,0.599,11.6,4.8,1.4,0.8,0,0.7,16.4,13,17.8,6.8,124.3,113.7,105
158,Max Strus,Mia,G-F,27,80,28.4,17.6,8,89,0.876,227,0.559,563,0.35,0.535,0.557,11.5,3.2,2.1,0.5,0.2,0.9,14.8,13.7,16.9,6,113,110.2,111.8
159,Marcus Smart,Bos,G,29.1,61,32.1,17.8,19.2,118,0.746,260,0.519,342,0.336,0.511,0.538,11.5,3.1,6.3,1.5,0.4,2.3,14.7,17.8,20.9,7.6,110.7,105.8,119.8
160,Josh Richardson,San,G,29.6,42,23.7,20.5,13.4,60,0.883,199,0.518,207,0.357,0.527,0.556,11.5,2.8,3.3,1,0.3,1.5,14.3,14.7,17.5,8,110.6,116.9,105.4
161,Naz Reid,Min,C-F,23.6,68,18.4,24.8,13.7,127,0.677,360,0.653,217,0.346,0.602,0.617,11.5,4.9,1.1,0.6,0.8,1.4,16.4,12.6,17.5,8.6,112.5,100.7,104.9
162,Bruce Brown,Den,G-F,26.7,80,28.5,17.8,14.2,153,0.758,487,0.548,254,0.358,0.545,0.571,11.5,4.1,3.4,1.1,0.6,1.5,15.6,14.9,19,7.6,113.2,108.9,109.6
163,John Wall,Lac,G,32.6,34,22.2,27,19.1,113,0.681,229,0.459,109,0.303,0.457,0.498,11.4,2.7,5.2,0.8,0.4,2.4,14.1,16.6,19.3,9.8,102.2,109.9,107.8
164,Isaiah Stewart,Det,F-C,21.9,50,28.3,17.3,13.4,149,0.738,236,0.542,205,0.327,0.518,0.56,11.3,8.1,1.4,0.4,0.7,1.4,19.4,12.7,20.8,7.1,113.7,110.9,116.1
165,Luke Kennard,Mem,G,26.8,24,24.6,13.8,8.5,19,0.947,34,0.471,137,0.54,0.743,0.758,11.3,3.1,2.3,0.5,0,0.7,14.5,13.6,16.7,7,145.5,110.6,107.4
166,Quentin Grimes,Nyk,G,22.9,71,29.9,14.5,10.4,98,0.796,195,0.641,407,0.386,0.599,0.619,11.3,3.2,2.1,0.7,0.4,1,14.5,13.4,16.6,5.7,124.4,110.6,108.5
167,Marcus Morris Sr.,Lac,F,33.6,65,28.1,17.6,8,87,0.782,336,0.482,307,0.365,0.513,0.534,11.2,4,1.8,0.6,0.3,0.9,15.2,13,16.9,6.1,108.3,110.5,109.8
168,Kyle Lowry,Mia,G,37,55,31.2,16.7,17.5,135,0.859,175,0.509,310,0.345,0.514,0.565,11.2,4.1,5.1,1,0.4,1.9,15.3,16.3,20.4,7.9,114.8,107.7,109.9
169,Corey Kispert,Was,F,24.1,74,28.3,14.1,8.7,88,0.852,201,0.637,385,0.423,0.636,0.656,11.1,2.8,1.2,0.4,0.1,0.8,13.9,12.3,15.1,4.7,124.2,116.6,96.5
170,Malik Beasley,Lal,G,26.4,26,23.9,20.9,10.1,21,0.619,81,0.481,187,0.353,0.515,0.521,11.1,3.3,1.2,0.8,0,1.2,14.5,12.3,15.7,5.9,98.8,111.2,109.3
171,Jeremy Sochan,San,F,19.9,56,26,19.8,14.9,116,0.698,418,0.519,134,0.246,0.483,0.509,11,5.3,2.5,0.8,0.4,1.7,16.2,13.5,18.8,8.1,102.7,113.6,115
172,Cam Reddish,Por,F-G,23.6,20,27.6,17.8,15.4,42,0.833,88,0.568,88,0.318,0.523,0.563,11,2.9,1.9,1.2,0.3,1.6,13.8,12.8,15.7,5.7,105.6,114.9,112.8
173,Eric Gordon,Lac,G,34.3,22,24.9,17,10.7,38,0.842,64,0.531,111,0.423,0.597,0.629,11,1.7,2.1,0.6,0.4,1,12.6,13.1,14.8,5.5,121.9,113.8,110.4
174,Julian Champagnie,San,F,21.8,15,20.8,19.4,7.9,17,0.824,47,0.553,81,0.407,0.59,0.609,11,4,0.7,0.3,0.3,0.7,15,11.7,15.7,6,116.3,115,110.9
175,Reggie Jackson,Lac,G,33,52,25.7,20.8,15.8,66,0.924,292,0.469,220,0.35,0.493,0.523,10.9,2.2,3.5,0.7,0.1,1.8,13.1,14.4,16.6,6.8,103.2,112.4,115.4
176,Ivica Zubac,Lac,C,26.1,76,28.5,14.8,18.5,238,0.697,512,0.637,2,0,0.634,0.661,10.8,9.9,1,0.4,1.3,1.5,20.7,11.8,21.7,6.7,126.7,105,110.2
177,Jaylen Nowell,Min,G,23.8,65,19.3,25,9.4,99,0.778,393,0.542,231,0.29,0.502,0.527,10.8,2.6,2,0.6,0.1,1,13.4,12.9,15.5,7.9,106.1,110.4,112.9
178,Sandro Mamukelashvili,San,F-C,23.9,19,23.3,20.1,13.1,39,0.692,105,0.524,67,0.343,0.52,0.545,10.8,6.8,2.4,0.5,0.4,1.4,17.6,13.3,20.1,9.6,114.3,115.2,115.3
179,Bones Hyland,Lac,G,22.6,14,19,26.4,9.8,20,0.75,63,0.46,74,0.351,0.496,0.518,10.8,3.5,3.4,0.8,0.1,1.1,14.3,14.1,17.6,10.6,111.2,104.6,106
180,Kentavious Caldwell-Pope,Den,G,30.1,76,31.3,14.1,12,125,0.824,313,0.502,319,0.423,0.569,0.598,10.8,2.8,2.4,1.5,0.5,1.1,13.6,13.2,16,5.3,116.7,112,112.9
181,Victor Oladipo,Mia,G,30.9,42,26.3,21.1,17.7,79,0.747,191,0.471,212,0.33,0.484,0.513,10.7,3,3.5,1.4,0.3,2.1,13.7,14.2,17.2,7.3,98.9,105.9,121.5
182,Talen Horton-Tucker,Uta,G,22.4,65,20.2,25.9,17,168,0.75,410,0.485,203,0.286,0.467,0.508,10.7,3.2,3.8,0.6,0.4,1.9,14,14.5,17.8,10,104,111.4,109
183,Mike Conley,Uta,G,35.5,43,29.7,16.1,16.5,96,0.813,162,0.469,213,0.362,0.511,0.552,10.7,2.5,7.7,1,0.2,1.7,13.2,18.4,20.9,8,122.8,113.8,110.6
184,Jeenathan Williams,Por,G,24.2,5,25.3,15.2,9.2,3,0.667,31,0.677,8,0.375,0.654,0.657,10.6,3,2,0.6,0.4,0.8,13.6,12.6,15.6,6.3,133.2,114,108.9
185,Cam Thomas,Bro,G,21.5,57,16.6,27.9,12.1,174,0.868,323,0.464,133,0.383,0.497,0.567,10.6,1.7,1.4,0.4,0.1,1.1,12.3,12,13.6,7.1,107.9,114.3,115.7
186,Svi Mykhailiuk,Cha,G-F,25.8,19,22.5,19.5,12,34,0.676,72,0.486,89,0.404,0.553,0.571,10.6,2.4,2.7,0.7,0.2,1.2,13,13.3,15.7,7.3,114.1,115.5,110.8
187,Jalen McDaniels,Cha,F-C,25.2,56,26.7,17.4,13.8,104,0.846,292,0.534,202,0.322,0.513,0.551,10.6,4.8,2,1.2,0.5,1.4,15.4,12.6,17.4,7,106.4,106.7,114.3
188,Moritz Wagner,Orl,F-C,26,57,19.5,21.1,14.6,182,0.841,233,0.631,163,0.313,0.564,0.63,10.5,4.5,1.5,0.6,0.2,1.2,15.1,12,16.5,8.5,122.3,103,114.5
189,Grayson Allen,Mil,G,27.5,72,27.4,14.6,11.4,126,0.905,191,0.518,366,0.399,0.571,0.612,10.4,3.3,2.3,0.9,0.2,1,13.7,12.7,16,6.3,123.5,110,118.2
190,Cameron Payne,Pho,G,28.7,48,20.2,24.8,15.2,64,0.766,268,0.448,185,0.368,0.49,0.512,10.3,2.2,4.5,0.7,0.2,1.7,12.5,14.7,16.9,9.3,106,108.4,106.3
191,Monte Morris,Was,G,27.8,62,27.4,15.6,10.4,77,0.831,311,0.543,204,0.382,0.555,0.579,10.3,3.4,5.3,0.7,0.2,1,13.6,15.5,18.9,8.3,125.2,115.5,112.8
192,Tyus Jones,Mem,G,26.9,80,24.2,17.7,9.4,100,0.8,384,0.495,326,0.371,0.523,0.546,10.3,2.5,5.2,1,0.1,0.9,12.8,15.5,18,8.5,122.1,114.8,107.5
193,Killian Hayes,Det,G,21.7,76,28.3,20.5,17.5,112,0.821,529,0.429,286,0.28,0.426,0.455,10.3,2.9,6.2,1.4,0.4,2.3,13.3,16.5,19.4,8.1,98.6,111.5,117.1
194,Patrick Williams,Chi,F,21.6,82,28.3,15.7,13,105,0.857,400,0.498,277,0.415,0.549,0.576,10.2,4,1.2,0.9,0.9,1.2,14.1,11.4,15.4,5.2,108.8,110,109.5
195,Doug McDermott,San,F,31.3,64,20.5,19.2,10,70,0.757,225,0.516,298,0.413,0.575,0.59,10.2,2.2,1.4,0.2,0.1,0.9,12.4,11.6,13.8,6.2,112.9,116.6,111.2
196,Josh Hart,Nyk,G,28.1,25,30,12.6,19.5,57,0.789,105,0.619,52,0.519,0.672,0.703,10.2,7,3.6,1.4,0.5,1.5,17.3,13.8,20.9,8.5,135.9,106.7,110.4
197,Malaki Branham,San,F,19.9,66,23.5,19.1,11.1,70,0.829,355,0.538,255,0.302,0.502,0.524,10.2,2.7,1.9,0.5,0.1,1.2,12.9,12.1,14.8,6.4,103.2,117.3,116.2
198,Aaron Nesmith,Ind,G-F,23.5,73,24.9,16.8,11.2,142,0.838,276,0.496,313,0.367,0.525,0.566,10.1,3.8,1.3,0.8,0.5,1,13.9,11.5,15.2,5.9,111.7,109,110.3
199,De'Anthony Melton,Phi,G,24.9,77,27.9,16.5,13.5,87,0.793,248,0.484,403,0.39,0.546,0.566,10.1,4.1,2.6,1.6,0.5,1.3,14.2,12.7,16.8,6.8,111.7,106,112.9
200,Brandon Clarke,Mem,F,26.6,56,19.5,17.7,13.6,137,0.723,343,0.665,6,0.167,0.658,0.682,10,5.5,1.3,0.6,0.7,1,15.5,11.3,16.8,8.5,131,100.8,108.9