RANK,NAME,TEAM,POS,AGE,GP,MPG,USG,TO,FTA,FT,2PA,2PP,3PA,3PP,eFG,TS,PPG,RPG,APG,SPG,BPG,TPG,P+R,P+A,P+R+A,VI,ORtg,DRtg,win
1,Joel Embiid,Phi,C-F,29.1,66.0,34.6,37.0,14.5,771.0,0.857,1128.0,0.587,200.0,0.33,0.573,0.655,33.1,10.2,4.2,1.0,1.7,3.4,43.2,37.2,47.4,13.0,124.4,104.1,0.659
2,Luka Doncic,Dal,F-G,24.1,66.0,36.2,37.7,14.0,694.0,0.742,908.0,0.588,541.0,0.342,0.56,0.609,32.4,8.6,8.0,1.4,0.5,3.6,41.0,40.4,49.0,14.4,120.0,109.2,0.463
3,Damian Lillard,Por,G,32.7,58.0,36.3,33.8,13.7,558.0,0.914,544.0,0.574,658.0,0.371,0.564,0.645,32.2,4.8,7.3,0.9,0.3,3.3,36.9,39.5,44.3,11.5,126.4,117.6,0.402
4,Shai Gilgeous-Alexander,Okc,G-F,24.7,68.0,35.5,32.8,12.2,739.0,0.905,1213.0,0.533,168.0,0.345,0.531,0.626,31.4,4.8,5.5,1.6,1.0,2.8,36.2,36.9,41.7,10.6,124.9,109.8,0.488
5,Giannis Antetokounmpo,Mil,F,28.3,63.0,32.1,38.8,16.2,772.0,0.645,1108.0,0.596,171.0,0.275,0.571,0.605,31.1,11.8,5.7,0.8,0.8,3.9,42.9,36.8,48.6,15.9,116.8,100.6,0.707
6,Jayson Tatum,Bos,F-G,25.1,74.0,36.9,32.7,12.0,622.0,0.854,873.0,0.558,686.0,0.35,0.543,0.607,30.1,8.8,4.6,1.1,0.7,2.9,38.8,34.7,43.5,11.6,118.6,106.7,0.695
7,Kevin Durant,Bro,F,34.5,39.0,36.0,31.5,15.6,285.0,0.937,545.0,0.622,189.0,0.376,0.607,0.674,29.7,6.7,5.3,0.8,1.5,3.5,36.4,35.0,41.7,11.3,122.3,110.5,0.549
8,Stephen Curry,Gol,G,35.1,56.0,34.7,31.0,13.6,281.0,0.915,494.0,0.579,639.0,0.427,0.614,0.656,29.4,6.1,6.3,0.9,0.4,3.2,35.5,35.7,41.8,12.0,123.4,112.1,0.537
9,LeBron James,Lal,F,38.3,55.0,35.5,33.3,12.7,327.0,0.768,841.0,0.58,377.0,0.321,0.55,0.584,28.9,8.3,6.8,0.9,0.6,3.2,37.2,35.7,44.0,13.3,114.5,110.3,0.524
10,Donovan Mitchell,Cle,G,26.6,68.0,35.8,32.1,11.4,368.0,0.867,767.0,0.566,635.0,0.386,0.572,0.614,28.3,4.3,4.4,1.5,0.4,2.6,32.5,32.7,36.9,9.1,118.7,107.2,0.622
11,Devin Booker,Pho,G,26.4,53.0,34.6,31.8,12.0,358.0,0.855,751.0,0.554,316.0,0.351,0.546,0.601,27.8,4.5,5.5,1.0,0.3,2.7,32.3,33.3,37.8,10.2,118.8,109.0,0.549
12,Kyrie Irving,Bro,G,31.0,40.0,36.9,29.7,10.0,179.0,0.883,471.0,0.569,348.0,0.374,0.565,0.604,27.1,5.1,5.3,1.0,0.8,2.3,32.2,32.4,37.5,9.8,118.0,111.5,0.549
13,Kyrie Irving,Dal,G,31.0,20.0,38.1,27.4,8.8,94.0,0.947,236.0,0.585,148.0,0.392,0.586,0.634,27.0,5.0,6.0,1.3,0.6,1.9,32.0,33.0,38.0,9.8,127.7,112.3,0.463
14,Jaylen Brown,Bos,G-F,26.5,67.0,35.9,31.5,12.5,344.0,0.765,896.0,0.576,487.0,0.335,0.55,0.581,26.6,6.9,3.5,1.1,0.4,2.9,33.5,30.1,36.9,9.6,109.8,106.5,0.695
15,Trae Young,Atl,G,24.6,73.0,34.8,32.6,17.7,639.0,0.886,930.0,0.476,460.0,0.335,0.485,0.573,26.2,3.0,10.2,1.1,0.1,4.1,29.2,36.4,39.3,10.7,116.2,117.5,0.5
16,Ja Morant,Mem,G,23.7,61.0,31.9,34.9,14.5,497.0,0.748,914.0,0.519,300.0,0.307,0.504,0.557,26.2,5.9,8.1,1.1,0.3,3.4,32.0,34.2,40.1,13.5,114.2,109.6,0.622
17,Mikal Bridges,Bro,F,26.6,27.0,34.2,30.3,8.9,179.0,0.894,322.0,0.531,181.0,0.376,0.543,0.607,26.1,4.5,2.7,1.0,0.6,1.8,30.6,28.8,33.3,8.0,117.6,114.6,0.549
18,Zion Williamson,Nor,F,22.8,29.0,33.0,30.4,17.4,248.0,0.714,450.0,0.618,19.0,0.368,0.615,0.652,26.0,7.0,4.6,1.1,0.6,3.4,33.0,30.6,37.6,11.4,120.3,108.3,0.512
19,Kevin Durant,Pho,F,34.5,47.0,33.7,26.8,13.5,48.0,0.833,87.0,0.586,41.0,0.537,0.656,0.697,26.0,6.4,3.5,0.3,1.3,2.5,32.4,29.5,35.9,9.9,126.5,114.9,0.549
20,Anthony Davis,Lal,F-C,30.1,56.0,34.0,28.4,11.2,444.0,0.784,889.0,0.588,74.0,0.257,0.573,0.626,25.9,12.6,2.6,1.1,2.0,2.2,38.5,28.6,41.1,11.1,124.7,104.9,0.524
21,Lauri Markkanen,Uta,F-C,25.9,66.0,34.4,26.6,10.0,399.0,0.875,634.0,0.585,511.0,0.391,0.586,0.64,25.6,8.6,1.9,0.6,0.6,1.9,34.3,27.5,36.1,8.7,125.5,112.6,0.451
22,Julius Randle,Nyk,F-C,28.4,77.0,35.5,29.5,13.1,531.0,0.757,796.0,0.553,636.0,0.343,0.536,0.581,25.1,10.0,4.1,0.6,0.3,2.8,35.1,29.2,39.2,11.4,116.8,106.5,0.573
23,De'Aaron Fox,Sac,G,25.3,73.0,33.4,30.0,12.0,440.0,0.78,965.0,0.583,366.0,0.325,0.557,0.599,25.0,4.2,6.1,1.1,0.3,2.5,29.2,31.1,35.3,10.3,119.2,112.2,0.585
24,Zach LaVine,Chi,G-F,28.1,77.0,36.0,28.3,12.3,428.0,0.848,844.0,0.556,544.0,0.375,0.558,0.607,24.8,4.5,4.2,0.9,0.2,2.5,29.3,29.1,33.6,8.6,115.6,111.0,0.488
25,Brandon Ingram,Nor,F,25.6,45.0,34.2,30.8,15.1,272.0,0.882,671.0,0.507,164.0,0.39,0.522,0.582,24.7,5.5,5.8,0.7,0.4,3.3,30.2,30.5,36.0,10.8,112.4,108.5,0.512
26,Anthony Edwards,Min,G,21.7,79.0,36.0,29.9,14.4,422.0,0.756,963.0,0.513,579.0,0.368,0.528,0.563,24.6,5.8,4.4,1.6,0.7,3.3,30.4,29.1,34.9,9.5,106.0,110.3,0.512
27,Nikola Jokic,Den,C,28.1,69.0,33.7,27.2,19.5,415.0,0.822,873.0,0.675,149.0,0.383,0.66,0.701,24.5,11.8,9.8,1.3,0.7,3.6,36.3,34.3,46.2,16.8,134.7,105.3,0.646
28,DeMar DeRozan,Chi,G-F,33.7,74.0,36.2,27.8,10.5,523.0,0.872,1161.0,0.526,142.0,0.324,0.522,0.592,24.5,4.6,5.1,1.1,0.5,2.1,29.2,29.6,34.3,9.2,118.8,109.1,0.488
29,Pascal Siakam,Tor,F,29.0,71.0,37.4,27.2,11.4,474.0,0.774,1026.0,0.523,287.0,0.324,0.515,0.565,24.2,7.8,5.8,0.9,0.5,2.4,32.1,30.1,37.9,11.0,118.2,108.6,0.5
30,Jalen Brunson,Nyk,G,26.6,68.0,35.0,27.2,10.6,392.0,0.829,873.0,0.519,322.0,0.416,0.547,0.597,24.0,3.5,6.2,0.9,0.2,2.1,27.6,30.2,33.8,9.2,124.6,112.6,0.573
31,Kawhi Leonard,Lac,F,31.8,52.0,33.6,27.0,9.2,279.0,0.871,621.0,0.551,250.0,0.416,0.572,0.623,23.8,6.5,3.9,1.4,0.5,1.7,30.3,27.8,34.3,10.1,125.1,111.3,0.537
32,Paul George,Lac,F,32.9,56.0,34.6,29.5,14.9,294.0,0.871,578.0,0.521,426.0,0.371,0.536,0.588,23.8,6.1,5.1,1.5,0.4,3.1,29.9,28.9,35.0,10.5,112.9,107.7,0.537
33,LaMelo Ball,Cha,G,21.6,36.0,35.2,30.0,15.2,121.0,0.843,338.0,0.45,383.0,0.376,0.51,0.541,23.3,6.4,8.4,1.3,0.3,3.6,29.7,31.7,38.1,12.2,108.5,108.6,0.329
34,Kristaps Porzingis,Was,F-C,27.7,65.0,32.6,27.4,11.8,416.0,0.851,662.0,0.559,356.0,0.385,0.565,0.627,23.2,8.4,2.7,0.9,1.5,2.1,31.6,25.8,34.2,9.9,121.8,107.3,0.427
35,Bradley Beal,Was,G,29.8,50.0,33.5,29.2,14.2,228.0,0.842,659.0,0.552,219.0,0.365,0.551,0.593,23.2,3.9,5.4,0.9,0.7,2.9,27.1,28.6,32.5,9.4,113.9,113.7,0.427
36,Jimmy Butler,Mia,F,33.6,64.0,33.4,25.6,10.2,555.0,0.85,785.0,0.564,103.0,0.35,0.56,0.647,22.9,5.8,5.3,1.8,0.3,1.6,28.7,28.2,34.0,10.7,135.9,111.3,0.537
37,Jalen Green,Hou,G,21.2,76.0,34.2,28.1,12.8,463.0,0.786,804.0,0.471,554.0,0.338,0.486,0.539,22.1,3.7,3.7,0.8,0.2,2.6,25.9,25.8,29.6,7.9,109.1,119.1,0.268
38,Keldon Johnson,San,F-G,23.5,63.0,32.7,27.9,10.7,327.0,0.749,706.0,0.523,407.0,0.329,0.512,0.551,22.0,5.0,2.9,0.7,0.2,2.1,27.0,24.9,29.9,8.4,108.1,118.0,0.268
39,Klay Thompson,Gol,G,33.2,69.0,33.0,26.4,8.9,132.0,0.879,521.0,0.47,731.0,0.412,0.556,0.576,21.9,4.1,2.4,0.7,0.4,1.8,26.0,24.2,28.4,7.3,109.6,114.2,0.537
40,Darius Garland,Cle,G,23.2,69.0,35.5,26.9,15.0,322.0,0.863,717.0,0.492,412.0,0.41,0.537,0.587,21.6,2.7,7.8,1.2,0.1,2.9,24.3,29.4,32.1,8.7,117.7,109.4,0.622
41,Bojan Bogdanovic,Det,F,34.0,59.0,32.1,25.9,13.3,303.0,0.884,529.0,0.539,353.0,0.411,0.57,0.627,21.6,3.8,2.6,0.6,0.1,2.3,25.4,24.2,27.9,7.4,117.7,117.5,0.207
42,Desmond Bane,Mem,G,24.8,58.0,31.8,26.1,11.8,205.0,0.883,532.0,0.534,407.0,0.408,0.568,0.606,21.5,5.0,4.4,1.0,0.4,2.2,26.5,25.9,30.9,9.8,118.8,107.0,0.622
43,Kyle Kuzma,Was,F,27.7,64.0,35.0,27.9,14.3,237.0,0.73,661.0,0.533,481.0,0.333,0.518,0.544,21.2,7.2,3.7,0.6,0.5,3.0,28.4,24.9,32.2,9.4,102.8,111.7,0.427
44,Anfernee Simons,Por,G,23.8,62.0,35.0,25.1,10.9,179.0,0.894,483.0,0.528,562.0,0.377,0.548,0.581,21.1,2.6,4.1,0.7,0.2,2.1,23.7,25.1,27.7,7.0,112.9,117.7,0.402
45,Terry Rozier,Cha,G,29.1,63.0,35.3,26.9,10.1,220.0,0.809,683.0,0.48,505.0,0.327,0.484,0.517,21.1,4.1,5.1,1.2,0.3,2.1,25.2,26.2,30.3,8.6,106.0,114.6,0.329
46,James Harden,Phi,G,33.6,58.0,36.8,25.0,18.8,361.0,0.867,424.0,0.495,419.0,0.384,0.536,0.607,21.0,6.1,10.7,1.2,0.5,3.4,27.1,31.6,37.7,12.1,123.3,110.7,0.659
47,CJ McCollum,Nor,G,31.6,75.0,35.3,26.4,12.0,238.0,0.769,801.0,0.469,543.0,0.389,0.515,0.541,20.9,4.4,5.7,0.9,0.5,2.4,25.3,26.6,31.0,9.1,109.5,111.2,0.512
48,Karl-Anthony Towns,Min,C-F,27.4,29.0,33.0,25.6,16.7,135.0,0.874,264.0,0.576,164.0,0.366,0.565,0.618,20.8,8.1,4.8,0.7,0.6,3.0,28.9,25.6,33.7,11.3,117.0,104.5,0.512
49,Jordan Clarkson,Uta,G,30.8,61.0,32.6,27.8,15.3,245.0,0.816,572.0,0.53,459.0,0.338,0.519,0.558,20.8,4.0,4.4,0.5,0.2,3.0,24.9,25.3,29.3,8.8,108.6,115.8,0.451
50,Tyrese Haliburton,Ind,G,23.1,56.0,33.6,23.9,14.4,203.0,0.867,439.0,0.572,402.0,0.4,0.586,0.624,20.7,3.7,10.4,1.6,0.4,2.5,24.4,31.2,34.8,11.0,128.9,119.0,0.427
51,Dejounte Murray,Atl,G,26.6,74.0,36.4,24.4,10.8,190.0,0.832,932.0,0.514,387.0,0.344,0.514,0.54,20.5,5.3,6.1,1.5,0.3,2.2,25.7,26.5,31.8,9.6,111.9,115.4,0.5
52,Jerami Grant,Por,F,29.1,63.0,35.6,22.8,11.3,342.0,0.813,554.0,0.523,359.0,0.401,0.554,0.606,20.5,4.5,2.4,0.8,0.8,1.8,25.0,22.9,27.3,6.8,117.1,116.1,0.402
53,Jordan Poole,Gol,G,23.8,82.0,30.0,29.2,16.5,415.0,0.87,641.0,0.524,637.0,0.336,0.514,0.573,20.4,2.7,4.5,0.8,0.3,3.1,23.2,24.9,27.7,8.4,109.1,111.5,0.537
54,Bam Adebayo,Mia,C-F,25.7,75.0,34.6,25.3,14.4,402.0,0.806,1102.0,0.545,12.0,0.083,0.541,0.592,20.4,9.2,3.2,1.2,0.8,2.5,29.6,23.6,32.8,9.8,116.0,105.6,0.537
55,Kelly Oubre Jr.,Cha,F-G,27.3,48.0,32.2,26.5,7.2,208.0,0.76,480.0,0.51,339.0,0.319,0.497,0.534,20.3,5.2,1.1,1.4,0.4,1.3,25.4,21.4,26.6,6.1,106.4,109.2,0.329
56,Tyrese Maxey,Phi,G,22.4,60.0,33.6,24.1,8.1,213.0,0.845,543.0,0.514,370.0,0.432,0.568,0.605,20.3,2.9,3.5,0.8,0.1,1.3,23.2,23.8,26.8,7.0,120.2,111.8,0.659
57,Tyler Herro,Mia,G,23.2,67.0,34.9,25.6,12.5,182.0,0.934,572.0,0.497,537.0,0.378,0.531,0.566,20.1,5.4,4.2,0.8,0.2,2.4,25.5,24.3,29.7,8.8,109.2,112.0,0.537
58,Louis King,Phi,F,24.0,1.0,28.8,24.0,13.3,1.0,0.0,5.0,0.8,8.0,0.5,0.769,0.744,20.0,4.0,2.0,1.0,0.0,2.0,24.0,22.0,26.0,7.5,125.8,103.2,0.659
59,Jamal Murray,Den,G,26.1,65.0,32.8,26.1,12.2,216.0,0.833,609.0,0.494,432.0,0.398,0.537,0.571,20.0,4.0,6.2,1.0,0.2,2.2,23.9,26.1,30.1,9.7,116.1,113.7,0.646
60,Paolo Banchero,Orl,F,20.4,72.0,33.7,27.5,15.1,534.0,0.738,837.0,0.471,285.0,0.298,0.465,0.529,20.0,6.9,3.7,0.8,0.5,2.8,26.9,23.7,30.6,9.5,105.0,109.8,0.415
61,Cade Cunningham,Det,G,21.5,12.0,33.4,30.0,14.8,43.0,0.837,163.0,0.466,61.0,0.279,0.453,0.492,19.9,6.2,6.0,0.8,0.6,3.3,26.1,25.9,32.1,10.8,100.1,112.7,0.207
62,RJ Barrett,Nyk,F-G,22.8,73.0,33.9,26.2,12.2,392.0,0.74,786.0,0.495,390.0,0.31,0.485,0.531,19.6,5.1,2.8,0.4,0.2,2.2,24.7,22.4,27.4,7.7,106.8,111.3,0.573
63,Fred VanVleet,Tor,G,29.1,69.0,36.7,23.2,11.2,283.0,0.898,506.0,0.455,606.0,0.342,0.486,0.54,19.3,4.1,7.2,1.8,0.6,2.0,23.4,26.5,30.6,9.0,116.6,109.8,0.5
64,Jrue Holiday,Mil,G,32.8,67.0,32.6,25.0,16.1,177.0,0.859,612.0,0.542,411.0,0.384,0.556,0.586,19.3,5.1,7.4,1.2,0.4,2.9,24.3,26.6,31.7,11.0,117.7,109.5,0.707
65,Kevin Porter Jr.,Hou,G-F,22.9,59.0,34.3,24.3,17.5,264.0,0.784,499.0,0.501,385.0,0.366,0.522,0.565,19.2,5.3,5.7,1.4,0.3,3.2,24.5,24.9,30.2,9.7,112.2,114.4,0.268
66,Domantas Sabonis,Sac,F-C,26.9,79.0,34.6,21.3,19.7,438.0,0.742,855.0,0.639,83.0,0.373,0.632,0.668,19.1,12.3,7.3,0.8,0.5,2.9,31.4,26.4,38.7,13.8,132.5,105.7,0.585
67,Franz Wagner,Orl,F,21.6,80.0,32.6,23.5,13.0,322.0,0.842,758.0,0.544,360.0,0.361,0.543,0.589,18.6,4.1,3.5,1.0,0.2,2.1,22.7,22.1,26.2,7.9,115.0,110.9,0.415
68,Jaren Jackson Jr.,Mem,F-C,23.6,63.0,28.4,24.7,11.5,306.0,0.788,540.0,0.585,282.0,0.355,0.567,0.613,18.6,6.8,1.0,1.0,3.0,1.7,25.4,19.6,26.3,7.1,117.8,100.3,0.622
69,Devin Vassell,San,G-F,22.6,38.0,31.0,24.4,8.7,100.0,0.78,329.0,0.48,266.0,0.387,0.525,0.55,18.5,3.9,3.6,1.1,0.4,1.5,22.4,22.1,26.0,8.2,110.2,118.7,0.268
70,Myles Turner,Ind,C-F,27.0,62.0,29.4,22.0,12.3,276.0,0.783,484.0,0.638,250.0,0.372,0.611,0.651,18.0,7.5,1.4,0.6,2.3,1.7,25.5,19.4,26.9,7.8,121.6,107.9,0.427
71,Deandre Ayton,Pho,C,24.7,67.0,30.4,22.9,11.9,200.0,0.76,863.0,0.597,24.0,0.292,0.592,0.617,18.0,10.0,1.7,0.6,0.8,1.8,27.9,19.7,29.6,8.9,118.8,104.7,0.549
72,D'Angelo Russell,Min,G,27.1,54.0,32.9,22.8,16.8,167.0,0.856,348.0,0.546,378.0,0.392,0.567,0.605,17.9,3.1,6.2,1.1,0.4,2.7,21.0,24.1,27.1,8.5,115.4,112.9,0.512
73,Spencer Dinwiddie,Dal,G,30.0,53.0,34.1,21.9,11.4,207.0,0.821,353.0,0.504,341.0,0.405,0.555,0.599,17.7,3.1,5.2,0.7,0.3,1.7,20.8,23.0,26.1,7.7,120.7,114.2,0.463
74,Nikola Vucevic,Chi,C,32.5,82.0,33.5,21.9,10.8,158.0,0.835,801.0,0.594,347.0,0.349,0.573,0.594,17.6,11.0,3.2,0.7,0.7,1.7,28.7,20.9,31.9,10.2,117.9,105.9,0.488
75,Gary Trent Jr.,Tor,G-F,24.2,66.0,32.1,21.7,5.6,205.0,0.839,485.0,0.493,450.0,0.369,0.522,0.56,17.4,2.6,1.6,1.6,0.2,0.8,20.0,19.0,21.6,5.2,116.2,113.8,0.5
76,D'Angelo Russell,Lal,G,27.1,17.0,30.9,22.6,15.0,49.0,0.735,110.0,0.555,111.0,0.414,0.588,0.61,17.4,2.9,6.1,0.6,0.5,2.3,20.4,23.5,26.4,8.7,118.3,114.0,0.524
77,Michael Porter Jr.,Den,F,24.8,62.0,29.0,22.7,7.7,120.0,0.8,363.0,0.579,454.0,0.414,0.602,0.621,17.4,5.5,1.0,0.6,0.5,1.1,22.9,18.5,24.0,6.3,118.3,110.8,0.646
78,Mikal Bridges,Pho,F,26.6,56.0,36.4,19.2,9.3,174.0,0.897,503.0,0.503,261.0,0.387,0.529,0.574,17.2,4.3,3.6,1.2,0.8,1.4,21.6,20.8,25.2,7.1,118.4,112.6,0.549
79,Andrew Wiggins,Gol,F,28.1,37.0,32.2,21.4,8.3,72.0,0.611,304.0,0.53,225.0,0.396,0.557,0.564,17.1,5.0,2.3,1.2,0.8,1.3,22.1,19.4,24.4,7.2,112.9,109.6,0.537
80,Norman Powell,Lac,G,29.9,60.0,26.1,26.0,12.4,277.0,0.812,423.0,0.534,287.0,0.397,0.559,0.612,17.0,2.9,1.8,0.8,0.3,1.7,19.9,18.8,21.7,6.8,115.5,110.2,0.537
81,Buddy Hield,Ind,G,30.3,80.0,31.0,20.9,11.8,129.0,0.822,361.0,0.518,677.0,0.425,0.596,0.614,16.8,5.0,2.8,1.2,0.3,1.7,21.8,19.6,24.6,8.0,115.5,115.4,0.427
82,O.G. Anunoby,Tor,F,25.7,67.0,35.6,19.5,13.0,167.0,0.838,518.0,0.539,367.0,0.387,0.556,0.586,16.8,5.0,2.0,1.9,0.7,2.0,21.7,18.7,23.7,6.2,112.6,108.6,0.5
83,Bennedict Mathurin,Ind,G-F,20.8,78.0,28.5,24.6,13.8,452.0,0.83,641.0,0.488,310.0,0.323,0.487,0.566,16.7,4.1,1.5,0.6,0.2,1.9,20.8,18.2,22.2,6.6,109.1,116.1,0.427
84,Christian Wood,Dal,F,27.5,67.0,25.9,26.4,13.6,281.0,0.772,490.0,0.594,279.0,0.376,0.583,0.624,16.6,7.3,1.8,0.4,1.1,1.8,24.0,18.4,25.8,9.3,117.1,106.8,0.463
85,Cameron Johnson,Bro,F,27.1,25.0,30.8,21.1,8.2,87.0,0.851,145.0,0.572,156.0,0.372,0.565,0.61,16.6,4.8,2.1,1.4,0.3,1.1,21.4,18.6,23.4,7.2,120.0,110.3,0.549
86,Josh Giddey,Okc,G,20.5,76.0,31.2,24.5,15.9,145.0,0.731,884.0,0.524,234.0,0.325,0.516,0.533,16.6,7.9,6.2,0.8,0.4,2.8,24.5,22.8,30.6,12.0,109.4,110.6,0.488
87,Spencer Dinwiddie,Bro,G,30.0,26.0,35.3,22.5,13.4,123.0,0.797,207.0,0.488,149.0,0.289,0.465,0.523,16.5,4.1,9.1,1.1,0.3,2.1,20.6,25.6,29.7,9.6,115.0,112.1,0.549
88,Jaden Ivey,Det,G,21.2,74.0,31.1,25.4,19.4,356.0,0.747,633.0,0.457,350.0,0.343,0.477,0.528,16.3,3.9,5.2,0.8,0.2,3.2,20.2,21.5,25.4,8.9,103.3,112.3,0.207
89,Aaron Gordon,Den,F,27.6,68.0,30.3,21.1,11.4,312.0,0.609,588.0,0.628,173.0,0.347,0.603,0.617,16.3,6.6,3.0,0.8,0.8,1.4,22.9,19.3,25.8,9.1,124.9,111.3,0.646
90,Evan Mobley,Cle,C,21.8,79.0,34.4,20.2,13.3,303.0,0.673,847.0,0.594,102.0,0.216,0.565,0.589,16.2,9.0,2.8,0.8,1.5,1.8,25.2,19.0,28.0,8.6,117.9,104.0,0.622
91,RaiQuan Gray,Bro,F,23.8,1.0,35.1,21.3,24.3,2.0,1.0,7.0,0.571,5.0,0.4,0.583,0.621,16.0,9.0,7.0,0.0,1.0,4.0,25.0,23.0,32.0,11.4,116.4,103.4,0.549
92,Russell Westbrook,Lal,G,34.4,52.0,28.7,28.9,20.2,238.0,0.655,516.0,0.467,213.0,0.296,0.46,0.496,15.9,6.2,7.5,1.0,0.4,3.6,22.1,23.4,29.6,12.6,101.0,106.7,0.524
93,Brook Lopez,Mil,C,35.0,78.0,30.4,19.3,10.6,190.0,0.784,535.0,0.637,364.0,0.374,0.606,0.63,15.9,6.7,1.3,0.5,2.5,1.4,22.5,17.2,23.8,6.8,122.4,106.2,0.707
94,Russell Westbrook,Lac,G,34.4,21.0,30.2,25.2,21.3,76.0,0.658,189.0,0.54,73.0,0.356,0.538,0.562,15.8,4.9,7.6,1.1,0.5,3.4,20.7,23.4,28.2,11.1,111.6,111.1,0.537
95,P.J. Washington,Cha,F,24.6,73.0,32.6,20.6,10.1,174.0,0.73,550.0,0.518,428.0,0.348,0.52,0.542,15.7,4.9,2.4,0.9,1.1,1.5,20.6,18.1,23.0,7.0,107.2,111.2,0.329
96,De'Andre Hunter,Atl,F-G,25.4,67.0,31.7,19.7,9.1,207.0,0.826,536.0,0.521,286.0,0.35,0.522,0.563,15.4,4.2,1.4,0.5,0.3,1.2,19.6,16.8,21.0,5.7,111.7,111.4,0.5
97,Skylar Mays,Por,G,25.6,6.0,31.5,19.3,12.8,13.0,0.923,42.0,0.524,26.0,0.462,0.588,0.624,15.3,3.2,8.3,1.0,0.2,1.7,18.5,23.7,26.8,9.4,132.4,117.0,0.402
98,Scottie Barnes,Tor,F,21.7,77.0,34.8,20.4,13.2,246.0,0.772,792.0,0.505,224.0,0.281,0.487,0.524,15.3,6.6,4.8,1.1,0.8,2.0,22.0,20.1,26.8,9.0,112.7,111.6,0.5
99,Kevin Huerter,Sac,G-F,24.6,75.0,29.4,19.9,10.1,131.0,0.725,356.0,0.604,510.0,0.402,0.603,0.617,15.2,3.3,2.9,1.1,0.3,1.3,18.5,18.1,21.5,7.2,119.5,111.2,0.585
100,Wendell Carter Jr.,Orl,C-F,24.0,57.0,29.6,20.5,14.7,195.0,0.738,388.0,0.624,225.0,0.356,0.591,0.621,15.2,8.7,2.3,0.5,0.6,1.9,23.9,17.5,26.3,9.1,119.3,105.7,0.415
101,Khris Middleton,Mil,F,31.7,33.0,24.3,27.4,14.9,102.0,0.902,244.0,0.516,162.0,0.315,0.499,0.551,15.1,4.2,4.9,0.7,0.2,2.2,19.3,20.0,24.2,11.1,113.2,106.1,0.707
102,Harrison Barnes,Sac,F,30.9,82.0,32.5,17.1,9.8,413.0,0.847,439.0,0.551,353.0,0.374,0.556,0.632,15.0,4.5,1.6,0.7,0.1,1.0,19.5,16.6,21.0,5.9,126.8,116.5,0.585
103,Immanuel Quickley,Nyk,G,23.8,81.0,28.9,20.9,9.6,248.0,0.819,482.0,0.521,454.0,0.37,0.537,0.578,14.9,4.2,3.4,1.0,0.2,1.2,19.1,18.4,22.5,8.3,122.0,110.3,0.573
104,Malcolm Brogdon,Bos,G,30.3,67.0,26.0,22.8,11.8,184.0,0.87,435.0,0.51,297.0,0.444,0.574,0.615,14.9,4.2,3.7,0.7,0.3,1.5,19.1,18.6,22.8,9.4,122.1,108.4,0.695
105,Alperen Sengun,Hou,C,20.7,75.0,28.9,21.4,19.4,288.0,0.715,742.0,0.57,57.0,0.333,0.565,0.599,14.8,9.0,3.9,0.9,0.9,2.6,23.8,18.7,27.7,11.1,117.3,107.8,0.268
106,Saddiq Bey,Det,F,24.0,52.0,28.8,21.4,8.2,209.0,0.861,313.0,0.46,293.0,0.345,0.488,0.552,14.8,4.7,1.6,1.0,0.2,1.0,19.5,16.4,21.1,6.7,114.7,116.2,0.207
107,Gordon Hayward,Cha,F,33.0,50.0,31.5,20.0,14.6,159.0,0.811,421.0,0.532,160.0,0.325,0.52,0.563,14.7,4.3,4.1,0.8,0.2,2.0,19.0,18.8,23.1,8.1,110.3,115.4,0.329
108,Tobias Harris,Phi,F,30.7,74.0,32.9,18.2,9.5,129.0,0.876,521.0,0.57,324.0,0.389,0.575,0.602,14.7,5.7,2.5,0.9,0.5,1.2,20.4,17.2,22.9,7.2,118.8,110.1,0.659
109,Trey Murphy III,Nor,F,22.8,79.0,31.0,16.6,7.2,190.0,0.905,302.0,0.613,497.0,0.406,0.611,0.65,14.5,3.6,1.4,1.1,0.5,0.8,18.1,15.9,19.5,5.4,128.5,110.3,0.512
110,Tim Hardaway Jr.,Dal,G-F,31.1,71.0,30.3,20.6,6.6,165.0,0.77,297.0,0.431,550.0,0.385,0.527,0.554,14.4,3.5,1.8,0.7,0.2,0.8,17.9,16.2,19.7,5.9,110.1,114.8,0.463
111,Collin Sexton,Uta,G,24.3,48.0,23.9,23.4,15.2,199.0,0.819,347.0,0.545,122.0,0.393,0.557,0.615,14.3,2.2,2.9,0.6,0.1,1.8,16.5,17.1,19.3,7.5,119.4,112.2,0.451
112,Dillon Brooks,Mem,G-F,27.2,73.0,30.3,21.8,9.5,154.0,0.779,552.0,0.451,439.0,0.326,0.468,0.494,14.3,3.3,2.6,0.9,0.2,1.4,17.7,16.9,20.3,6.6,102.3,105.5,0.622
113,Jarrett Allen,Cle,C,25.0,68.0,32.6,16.5,12.9,221.0,0.733,616.0,0.653,10.0,0.1,0.645,0.67,14.3,9.8,1.7,0.8,1.2,1.4,24.0,15.9,25.7,7.6,133.1,105.0,0.622
114,Jalen Williams,Okc,G-F,22.0,75.0,30.3,18.4,13.4,191.0,0.812,589.0,0.579,205.0,0.356,0.567,0.601,14.1,4.5,3.3,1.4,0.5,1.6,18.6,17.4,21.9,7.8,118.6,109.4,0.488
115,Jonas Valanciunas,Nor,C,30.9,79.0,24.9,23.4,16.3,224.0,0.826,707.0,0.577,109.0,0.349,0.57,0.61,14.1,10.2,1.8,0.3,0.7,2.0,24.3,15.9,26.1,10.2,116.9,99.8,0.512
116,Bobby Portis,Mil,F,28.2,70.0,26.0,21.7,9.2,125.0,0.768,546.0,0.555,257.0,0.37,0.555,0.575,14.1,9.6,1.5,0.4,0.2,1.2,23.7,15.6,25.2,9.0,117.3,105.2,0.707
117,Markelle Fultz,Orl,G,24.9,60.0,29.6,21.3,17.0,143.0,0.783,592.0,0.544,87.0,0.31,0.534,0.564,14.0,3.9,5.7,1.5,0.4,2.3,17.9,19.6,23.5,9.2,113.2,109.4,0.415
118,Mike Conley,Min,G,35.5,24.0,31.4,16.8,11.0,73.0,0.863,97.0,0.515,138.0,0.42,0.583,0.631,14.0,3.1,5.0,1.2,0.2,1.2,17.2,19.0,22.2,7.7,130.3,113.3,0.512
119,Bogdan Bogdanovic,Atl,G,30.6,54.0,27.9,19.8,9.6,77.0,0.831,251.0,0.506,360.0,0.406,0.566,0.586,14.0,3.0,2.8,0.8,0.3,1.2,17.0,16.8,19.8,7.0,116.5,115.1,0.5
120,Chris Paul,Pho,G,37.9,59.0,32.0,19.2,14.6,160.0,0.831,407.0,0.482,261.0,0.375,0.513,0.555,13.9,4.3,8.9,1.5,0.4,1.9,18.1,22.8,27.0,10.1,121.9,109.6,0.549
121,Cameron Johnson,Pho,F,27.1,17.0,25.3,19.6,5.5,33.0,0.818,74.0,0.5,99.0,0.455,0.604,0.629,13.9,3.8,1.5,0.9,0.4,0.6,17.7,15.4,19.2,6.8,127.3,110.4,0.549
122,Luguentz Dort,Okc,G,24.0,74.0,30.7,19.8,9.5,259.0,0.772,464.0,0.44,409.0,0.33,0.466,0.513,13.7,4.6,2.1,1.0,0.3,1.2,18.3,15.8,20.4,6.6,109.3,108.1,0.488
123,Malik Monk,Sac,G,25.2,77.0,22.3,25.8,15.5,207.0,0.889,398.0,0.538,398.0,0.359,0.538,0.587,13.5,2.6,3.9,0.6,0.3,1.9,16.2,17.4,20.0,9.2,113.9,112.6,0.585
124,Rudy Gobert,Min,C,30.8,70.0,30.7,16.3,18.3,340.0,0.644,543.0,0.663,3.0,0.0,0.659,0.675,13.4,11.6,1.2,0.8,1.4,1.7,25.0,14.7,26.3,7.4,128.1,103.9,0.512
125,Malik Beasley,Uta,G,26.4,55.0,26.7,21.3,8.2,44.0,0.841,198.0,0.485,471.0,0.359,0.522,0.535,13.4,3.6,1.7,0.8,0.1,1.1,17.0,15.1,18.7,6.5,107.2,115.3,0.451
126,Jusuf Nurkic,Por,C,28.6,52.0,26.7,22.2,19.1,192.0,0.661,386.0,0.567,119.0,0.361,0.561,0.589,13.3,9.1,2.9,0.8,0.8,2.3,22.4,16.2,25.3,10.6,112.7,104.0,0.402
127,Kris Dunn,Uta,G,29.1,22.0,25.8,20.2,13.9,53.0,0.774,180.0,0.55,36.0,0.472,0.576,0.606,13.2,4.5,5.6,1.1,0.5,1.6,17.7,18.8,23.4,10.7,124.8,107.6,0.451
128,Jakob Poeltl,Tor,C,27.5,26.0,27.2,17.5,11.2,72.0,0.569,230.0,0.652,0.0,0.0,0.652,0.652,13.1,9.1,2.2,1.2,1.3,1.1,22.2,15.3,24.4,9.4,132.1,103.3,0.5
129,Eric Gordon,Hou,G,34.3,47.0,30.2,18.1,14.8,135.0,0.815,233.0,0.536,245.0,0.347,0.528,0.572,13.1,2.1,2.9,0.6,0.4,1.8,15.1,16.0,18.0,5.7,112.6,122.2,0.268
130,John Collins,Atl,F-C,25.5,71.0,30.0,17.0,10.0,178.0,0.803,467.0,0.619,240.0,0.292,0.557,0.593,13.1,6.5,1.2,0.6,1.0,1.1,19.6,14.3,20.8,6.2,116.7,108.2,0.5
131,Austin Reaves,Lal,G,24.9,64.0,28.8,16.2,16.8,265.0,0.864,274.0,0.631,216.0,0.398,0.616,0.687,13.0,3.0,3.4,0.5,0.3,1.5,16.0,16.4,19.4,7.1,129.5,112.4,0.524
132,Jordan Nwora,Ind,F,24.6,24.0,24.6,21.2,11.4,43.0,0.721,139.0,0.518,109.0,0.422,0.569,0.586,13.0,4.7,2.1,0.5,0.3,1.3,17.7,15.1,19.8,8.2,112.7,115.2,0.427
133,Rui Hachimura,Was,F,25.2,30.0,24.3,23.0,10.0,58.0,0.759,235.0,0.545,89.0,0.337,0.534,0.558,13.0,4.3,1.2,0.4,0.4,1.2,17.3,14.2,18.4,6.7,106.2,113.8,0.427
134,Devonte' Graham,San,G,28.1,20.0,26.4,20.2,11.5,72.0,0.75,52.0,0.442,148.0,0.358,0.513,0.559,13.0,2.5,4.0,0.8,0.3,1.3,15.5,17.0,19.5,7.7,116.3,119.0,0.268
135,Cole Anthony,Orl,G,22.9,60.0,25.9,21.5,13.0,170.0,0.894,404.0,0.5,206.0,0.364,0.516,0.57,13.0,4.8,3.9,0.6,0.5,1.5,17.8,16.9,21.7,9.6,116.8,106.3,0.415
136,Tre Jones,San,G,23.3,68.0,29.2,19.3,12.9,172.0,0.86,585.0,0.506,158.0,0.285,0.489,0.534,12.9,3.6,6.6,1.3,0.1,1.6,16.5,19.5,23.1,9.2,116.7,118.7,0.268
137,Jabari Smith Jr.,Hou,F,19.9,79.0,31.0,18.4,10.4,206.0,0.786,501.0,0.487,391.0,0.307,0.475,0.514,12.8,7.2,1.3,0.5,0.9,1.3,20.0,14.1,21.3,6.4,107.4,112.1,0.268
138,Alec Burks,Det,G,31.7,51.0,22.0,22.8,11.2,188.0,0.814,220.0,0.459,239.0,0.414,0.544,0.602,12.8,3.1,2.2,0.7,0.2,1.1,15.9,15.0,18.1,8.1,119.8,112.9,0.207
139,James Wiseman,Det,C,22.0,24.0,25.2,21.6,13.2,59.0,0.712,226.0,0.562,18.0,0.167,0.539,0.565,12.7,8.1,0.7,0.2,0.8,1.5,20.8,13.4,21.5,6.6,108.7,108.3,0.207
140,Kenyon Martin Jr.,Hou,F,22.3,82.0,28.0,16.4,11.2,222.0,0.68,504.0,0.679,216.0,0.315,0.617,0.635,12.7,5.5,1.5,0.5,0.4,1.1,18.2,14.2,19.7,6.7,125.5,116.5,0.268
141,Dennis Schroder,Lal,G,29.6,66.0,30.1,18.6,14.7,252.0,0.857,426.0,0.46,225.0,0.329,0.472,0.545,12.6,2.5,4.5,0.8,0.2,1.7,15.1,17.1,19.6,6.9,111.5,110.9,0.524
142,Nic Claxton,Bro,F-C,24.0,76.0,29.9,15.5,14.1,246.0,0.541,585.0,0.708,2.0,0.0,0.705,0.691,12.6,9.2,1.9,0.9,2.5,1.3,21.9,14.5,23.8,8.1,133.4,105.2,0.549
143,Mac McClung,Phi,G,24.3,2.0,20.6,27.4,12.9,5.0,0.6,9.0,0.556,11.0,0.364,0.55,0.563,12.5,5.0,4.5,0.0,0.0,1.5,17.5,17.0,22.0,12.7,119.3,109.9,0.659
144,Kelly Olynyk,Uta,F-C,32.0,68.0,28.6,17.8,23.2,232.0,0.853,321.0,0.576,235.0,0.396,0.584,0.644,12.5,6.2,3.7,0.9,0.5,2.5,18.6,16.2,22.3,9.2,117.6,106.1,0.451
145,Derrick White,Bos,G,28.8,82.0,28.3,17.7,11.1,192.0,0.875,367.0,0.548,391.0,0.381,0.56,0.604,12.4,3.6,3.9,0.7,0.9,1.2,16.0,16.3,19.9,7.9,124.5,107.8,0.695
146,Mason Plumlee,Cha,F-C,33.1,56.0,28.5,15.7,17.8,256.0,0.605,396.0,0.669,0.0,0.0,0.669,0.673,12.2,9.6,3.7,0.6,0.6,1.5,21.9,15.9,25.5,10.6,134.1,106.5,0.329
147,Keegan Murray,Sac,F,22.6,80.0,29.8,15.8,7.1,81.0,0.765,281.0,0.527,501.0,0.411,0.584,0.597,12.2,4.6,1.2,0.8,0.5,0.8,16.8,13.4,18.1,5.5,118.8,112.8,0.585
148,Jakob Poeltl,San,C,27.5,46.0,26.1,18.6,19.8,129.0,0.605,387.0,0.618,1.0,0.0,0.616,0.625,12.1,9.0,3.1,0.8,1.1,2.1,21.1,15.2,24.2,10.7,119.2,110.8,0.268
149,Jaden McDaniels,Min,F,22.5,79.0,30.6,15.8,13.5,144.0,0.736,447.0,0.588,270.0,0.396,0.591,0.611,12.1,3.9,1.9,0.9,1.0,1.4,15.9,13.9,17.8,5.9,115.3,107.6,0.512
150,Caris LeVert,Cle,G,28.6,74.0,30.3,18.7,13.5,180.0,0.722,418.0,0.462,324.0,0.392,0.517,0.546,12.1,3.8,3.9,1.0,0.3,1.6,15.9,16.0,19.8,7.4,111.6,106.7,0.622
151,Bones Hyland,Den,G,22.6,42.0,19.5,28.5,13.4,82.0,0.866,193.0,0.425,241.0,0.378,0.503,0.54,12.1,2.0,3.0,0.7,0.3,1.6,14.1,15.1,17.1,8.6,106.1,110.1,0.646
152,Thomas Bryant,Lal,C-F,25.7,41.0,21.3,18.2,8.5,108.0,0.741,251.0,0.697,50.0,0.44,0.691,0.712,12.1,6.8,0.7,0.3,0.6,0.7,18.9,12.8,19.6,7.3,138.3,105.3,0.524
153,Clint Capela,Atl,C,28.9,65.0,26.6,15.7,9.1,131.0,0.603,535.0,0.654,1.0,0.0,0.653,0.656,12.0,11.0,0.9,0.7,1.2,0.8,23.0,12.9,23.9,7.4,137.0,108.0,0.5
154,Marvin Bagley III,Det,F,24.1,42.0,23.6,20.5,10.7,108.0,0.75,317.0,0.577,66.0,0.288,0.552,0.585,12.0,6.4,0.9,0.5,0.7,1.1,18.4,12.9,19.3,7.0,117.3,112.7,0.207
155,Lonnie Walker IV,Lal,G-F,24.3,56.0,23.2,20.2,8.0,106.0,0.858,278.0,0.522,249.0,0.365,0.534,0.57,11.7,1.9,1.1,0.5,0.3,0.8,13.6,12.8,14.8,5.0,111.1,112.8,0.524
156,Zach Collins,San,F-C,25.4,63.0,22.9,21.2,19.0,142.0,0.761,401.0,0.571,147.0,0.374,0.568,0.599,11.6,6.4,2.9,0.6,0.8,2.0,18.0,14.5,20.8,10.5,112.4,107.4,0.268
157,Saddiq Bey,Atl,F,24.0,25.0,25.1,17.4,6.9,29.0,0.862,105.0,0.552,125.0,0.4,0.578,0.599,11.6,4.8,1.4,0.8,0.0,0.7,16.4,13.0,17.8,6.8,124.3,113.7,0.5
158,Max Strus,Mia,G-F,27.0,80.0,28.4,17.6,8.0,89.0,0.876,227.0,0.559,563.0,0.35,0.535,0.557,11.5,3.2,2.1,0.5,0.2,0.9,14.8,13.7,16.9,6.0,113.0,110.2,0.537
159,Marcus Smart,Bos,G,29.1,61.0,32.1,17.8,19.2,118.0,0.746,260.0,0.519,342.0,0.336,0.511,0.538,11.5,3.1,6.3,1.5,0.4,2.3,14.7,17.8,20.9,7.6,110.7,105.8,0.695
160,Josh Richardson,San,G,29.6,42.0,23.7,20.5,13.4,60.0,0.883,199.0,0.518,207.0,0.357,0.527,0.556,11.5,2.8,3.3,1.0,0.3,1.5,14.3,14.7,17.5,8.0,110.6,116.9,0.268
161,Naz Reid,Min,C-F,23.6,68.0,18.4,24.8,13.7,127.0,0.677,360.0,0.653,217.0,0.346,0.602,0.617,11.5,4.9,1.1,0.6,0.8,1.4,16.4,12.6,17.5,8.6,112.5,100.7,0.512
162,Bruce Brown,Den,G-F,26.7,80.0,28.5,17.8,14.2,153.0,0.758,487.0,0.548,254.0,0.358,0.545,0.571,11.5,4.1,3.4,1.1,0.6,1.5,15.6,14.9,19.0,7.6,113.2,108.9,0.646
163,John Wall,Lac,G,32.6,34.0,22.2,27.0,19.1,113.0,0.681,229.0,0.459,109.0,0.303,0.457,0.498,11.4,2.7,5.2,0.8,0.4,2.4,14.1,16.6,19.3,9.8,102.2,109.9,0.537
164,Isaiah Stewart,Det,F-C,21.9,50.0,28.3,17.3,13.4,149.0,0.738,236.0,0.542,205.0,0.327,0.518,0.56,11.3,8.1,1.4,0.4,0.7,1.4,19.4,12.7,20.8,7.1,113.7,110.9,0.207
165,Luke Kennard,Mem,G,26.8,24.0,24.6,13.8,8.5,19.0,0.947,34.0,0.471,137.0,0.54,0.743,0.758,11.3,3.1,2.3,0.5,0.0,0.7,14.5,13.6,16.7,7.0,145.5,110.6,0.622
166,Quentin Grimes,Nyk,G,22.9,71.0,29.9,14.5,10.4,98.0,0.796,195.0,0.641,407.0,0.386,0.599,0.619,11.3,3.2,2.1,0.7,0.4,1.0,14.5,13.4,16.6,5.7,124.4,110.6,0.573
167,Marcus Morris Sr.,Lac,F,33.6,65.0,28.1,17.6,8.0,87.0,0.782,336.0,0.482,307.0,0.365,0.513,0.534,11.2,4.0,1.8,0.6,0.3,0.9,15.2,13.0,16.9,6.1,108.3,110.5,0.537
168,Kyle Lowry,Mia,G,37.0,55.0,31.2,16.7,17.5,135.0,0.859,175.0,0.509,310.0,0.345,0.514,0.565,11.2,4.1,5.1,1.0,0.4,1.9,15.3,16.3,20.4,7.9,114.8,107.7,0.537
169,Corey Kispert,Was,F,24.1,74.0,28.3,14.1,8.7,88.0,0.852,201.0,0.637,385.0,0.423,0.636,0.656,11.1,2.8,1.2,0.4,0.1,0.8,13.9,12.3,15.1,4.7,124.2,116.6,0.427
170,Malik Beasley,Lal,G,26.4,26.0,23.9,20.9,10.1,21.0,0.619,81.0,0.481,187.0,0.353,0.515,0.521,11.1,3.3,1.2,0.8,0.0,1.2,14.5,12.3,15.7,5.9,98.8,111.2,0.524
171,Jeremy Sochan,San,F,19.9,56.0,26.0,19.8,14.9,116.0,0.698,418.0,0.519,134.0,0.246,0.483,0.509,11.0,5.3,2.5,0.8,0.4,1.7,16.2,13.5,18.8,8.1,102.7,113.6,0.268
172,Cam Reddish,Por,F-G,23.6,20.0,27.6,17.8,15.4,42.0,0.833,88.0,0.568,88.0,0.318,0.523,0.563,11.0,2.9,1.9,1.2,0.3,1.6,13.8,12.8,15.7,5.7,105.6,114.9,0.402
173,Eric Gordon,Lac,G,34.3,22.0,24.9,17.0,10.7,38.0,0.842,64.0,0.531,111.0,0.423,0.597,0.629,11.0,1.7,2.1,0.6,0.4,1.0,12.6,13.1,14.8,5.5,121.9,113.8,0.537
174,Julian Champagnie,San,F,21.8,15.0,20.8,19.4,7.9,17.0,0.824,47.0,0.553,81.0,0.407,0.59,0.609,11.0,4.0,0.7,0.3,0.3,0.7,15.0,11.7,15.7,6.0,116.3,115.0,0.268
175,Reggie Jackson,Lac,G,33.0,52.0,25.7,20.8,15.8,66.0,0.924,292.0,0.469,220.0,0.35,0.493,0.523,10.9,2.2,3.5,0.7,0.1,1.8,13.1,14.4,16.6,6.8,103.2,112.4,0.537
176,Ivica Zubac,Lac,C,26.1,76.0,28.5,14.8,18.5,238.0,0.697,512.0,0.637,2.0,0.0,0.634,0.661,10.8,9.9,1.0,0.4,1.3,1.5,20.7,11.8,21.7,6.7,126.7,105.0,0.537
177,Jaylen Nowell,Min,G,23.8,65.0,19.3,25.0,9.4,99.0,0.778,393.0,0.542,231.0,0.29,0.502,0.527,10.8,2.6,2.0,0.6,0.1,1.0,13.4,12.9,15.5,7.9,106.1,110.4,0.512
178,Sandro Mamukelashvili,San,F-C,23.9,19.0,23.3,20.1,13.1,39.0,0.692,105.0,0.524,67.0,0.343,0.52,0.545,10.8,6.8,2.4,0.5,0.4,1.4,17.6,13.3,20.1,9.6,114.3,115.2,0.268
179,Bones Hyland,Lac,G,22.6,14.0,19.0,26.4,9.8,20.0,0.75,63.0,0.46,74.0,0.351,0.496,0.518,10.8,3.5,3.4,0.8,0.1,1.1,14.3,14.1,17.6,10.6,111.2,104.6,0.537
180,Kentavious Caldwell-Pope,Den,G,30.1,76.0,31.3,14.1,12.0,125.0,0.824,313.0,0.502,319.0,0.423,0.569,0.598,10.8,2.8,2.4,1.5,0.5,1.1,13.6,13.2,16.0,5.3,116.7,112.0,0.646
181,Victor Oladipo,Mia,G,30.9,42.0,26.3,21.1,17.7,79.0,0.747,191.0,0.471,212.0,0.33,0.484,0.513,10.7,3.0,3.5,1.4,0.3,2.1,13.7,14.2,17.2,7.3,98.9,105.9,0.537
182,Talen Horton-Tucker,Uta,G,22.4,65.0,20.2,25.9,17.0,168.0,0.75,410.0,0.485,203.0,0.286,0.467,0.508,10.7,3.2,3.8,0.6,0.4,1.9,14.0,14.5,17.8,10.0,104.0,111.4,0.451
183,Mike Conley,Uta,G,35.5,43.0,29.7,16.1,16.5,96.0,0.813,162.0,0.469,213.0,0.362,0.511,0.552,10.7,2.5,7.7,1.0,0.2,1.7,13.2,18.4,20.9,8.0,122.8,113.8,0.451
184,Jeenathan Williams,Por,G,24.2,5.0,25.3,15.2,9.2,3.0,0.667,31.0,0.677,8.0,0.375,0.654,0.657,10.6,3.0,2.0,0.6,0.4,0.8,13.6,12.6,15.6,6.3,133.2,114.0,0.402
185,Cam Thomas,Bro,G,21.5,57.0,16.6,27.9,12.1,174.0,0.868,323.0,0.464,133.0,0.383,0.497,0.567,10.6,1.7,1.4,0.4,0.1,1.1,12.3,12.0,13.6,7.1,107.9,114.3,0.549
186,Svi Mykhailiuk,Cha,G-F,25.8,19.0,22.5,19.5,12.0,34.0,0.676,72.0,0.486,89.0,0.404,0.553,0.571,10.6,2.4,2.7,0.7,0.2,1.2,13.0,13.3,15.7,7.3,114.1,115.5,0.329
187,Jalen McDaniels,Cha,F-C,25.2,56.0,26.7,17.4,13.8,104.0,0.846,292.0,0.534,202.0,0.322,0.513,0.551,10.6,4.8,2.0,1.2,0.5,1.4,15.4,12.6,17.4,7.0,106.4,106.7,0.329
188,Moritz Wagner,Orl,F-C,26.0,57.0,19.5,21.1,14.6,182.0,0.841,233.0,0.631,163.0,0.313,0.564,0.63,10.5,4.5,1.5,0.6,0.2,1.2,15.1,12.0,16.5,8.5,122.3,103.0,0.415
189,Grayson Allen,Mil,G,27.5,72.0,27.4,14.6,11.4,126.0,0.905,191.0,0.518,366.0,0.399,0.571,0.612,10.4,3.3,2.3,0.9,0.2,1.0,13.7,12.7,16.0,6.3,123.5,110.0,0.707
190,Cameron Payne,Pho,G,28.7,48.0,20.2,24.8,15.2,64.0,0.766,268.0,0.448,185.0,0.368,0.49,0.512,10.3,2.2,4.5,0.7,0.2,1.7,12.5,14.7,16.9,9.3,106.0,108.4,0.549
191,Monte Morris,Was,G,27.8,62.0,27.4,15.6,10.4,77.0,0.831,311.0,0.543,204.0,0.382,0.555,0.579,10.3,3.4,5.3,0.7,0.2,1.0,13.6,15.5,18.9,8.3,125.2,115.5,0.427
192,Tyus Jones,Mem,G,26.9,80.0,24.2,17.7,9.4,100.0,0.8,384.0,0.495,326.0,0.371,0.523,0.546,10.3,2.5,5.2,1.0,0.1,0.9,12.8,15.5,18.0,8.5,122.1,114.8,0.622
193,Killian Hayes,Det,G,21.7,76.0,28.3,20.5,17.5,112.0,0.821,529.0,0.429,286.0,0.28,0.426,0.455,10.3,2.9,6.2,1.4,0.4,2.3,13.3,16.5,19.4,8.1,98.6,111.5,0.207
194,Patrick Williams,Chi,F,21.6,82.0,28.3,15.7,13.0,105.0,0.857,400.0,0.498,277.0,0.415,0.549,0.576,10.2,4.0,1.2,0.9,0.9,1.2,14.1,11.4,15.4,5.2,108.8,110.0,0.488
195,Doug McDermott,San,F,31.3,64.0,20.5,19.2,10.0,70.0,0.757,225.0,0.516,298.0,0.413,0.575,0.59,10.2,2.2,1.4,0.2,0.1,0.9,12.4,11.6,13.8,6.2,112.9,116.6,0.268
196,Josh Hart,Nyk,G,28.1,25.0,30.0,12.6,19.5,57.0,0.789,105.0,0.619,52.0,0.519,0.672,0.703,10.2,7.0,3.6,1.4,0.5,1.5,17.3,13.8,20.9,8.5,135.9,106.7,0.573
197,Malaki Branham,San,F,19.9,66.0,23.5,19.1,11.1,70.0,0.829,355.0,0.538,255.0,0.302,0.502,0.524,10.2,2.7,1.9,0.5,0.1,1.2,12.9,12.1,14.8,6.4,103.2,117.3,0.268
198,Aaron Nesmith,Ind,G-F,23.5,73.0,24.9,16.8,11.2,142.0,0.838,276.0,0.496,313.0,0.367,0.525,0.566,10.1,3.8,1.3,0.8,0.5,1.0,13.9,11.5,15.2,5.9,111.7,109.0,0.427
199,De'Anthony Melton,Phi,G,24.9,77.0,27.9,16.5,13.5,87.0,0.793,248.0,0.484,403.0,0.39,0.546,0.566,10.1,4.1,2.6,1.6,0.5,1.3,14.2,12.7,16.8,6.8,111.7,106.0,0.659
200,Brandon Clarke,Mem,F,26.6,56.0,19.5,17.7,13.6,137.0,0.723,343.0,0.665,6.0,0.167,0.658,0.682,10.0,5.5,1.3,0.6,0.7,1.0,15.5,11.3,16.8,8.5,131.0,100.8,0.622
1,Joel Embiid,Phi,C,30.3,6.0,41.4,35.7,15.8,78.0,0.859,94.0,0.489,39.0,0.333,0.492,0.592,33.0,10.8,5.7,1.2,1.5,4.2,43.8,38.7,49.5,12.2,117.1,108.0,0.573
2,Jalen Brunson,Nyk,G,27.8,13.0,39.8,36.4,9.3,120.0,0.775,256.0,0.488,84.0,0.31,0.482,0.536,32.4,3.3,7.5,0.8,0.2,2.7,35.7,39.8,43.2,9.3,114.8,114.7,0.61
3,Damian Lillard,Mil,G,33.9,4.0,39.1,31.4,10.0,38.0,0.974,33.0,0.424,48.0,0.417,0.543,0.64,31.3,3.3,5.0,1.0,0.0,2.3,34.5,36.3,39.5,8.2,127.6,115.7,0.598
4,Shai Gilgeous-Alexander,Okc,G,25.9,10.0,39.9,32.3,8.9,81.0,0.79,187.0,0.508,37.0,0.432,0.531,0.582,30.2,7.2,6.4,1.3,1.7,2.2,37.4,36.6,43.8,11.2,118.3,106.9,0.695
5,Tyrese Maxey,Phi,G,23.6,6.0,44.6,28.1,8.6,28.0,0.893,83.0,0.53,55.0,0.4,0.558,0.595,29.8,5.2,6.8,0.8,0.3,2.2,35.0,36.7,41.8,9.1,120.9,113.3,0.573
6,Donovan Mitchell,Cle,G,27.8,10.0,38.2,34.3,11.1,65.0,0.815,143.0,0.545,82.0,0.354,0.54,0.584,29.6,5.4,4.7,1.3,0.3,2.8,35.0,34.3,39.7,9.5,111.5,108.3,0.585
7,Luka Doncic,Dal,G,25.3,22.0,40.9,33.4,15.1,153.0,0.765,293.0,0.536,211.0,0.322,0.514,0.556,28.9,9.5,8.1,1.9,0.4,4.1,38.3,37.0,46.4,12.8,109.0,108.3,0.61
8,Nikola Jokic,Den,C,29.3,12.0,40.2,30.0,14.1,71.0,0.901,191.0,0.623,53.0,0.264,0.574,0.625,28.7,13.4,8.7,1.4,0.7,3.3,42.1,37.3,50.8,14.9,125.6,106.4,0.695
9,Anthony Davis,Lal,C,31.3,5.0,41.6,25.7,10.5,26.0,0.808,88.0,0.67,5.0,0.0,0.634,0.665,27.8,15.6,4.0,0.4,1.6,2.2,43.4,31.8,47.4,11.6,127.4,105.1,0.573
10,LeBron James,Lal,F,39.5,5.0,40.8,29.0,16.1,23.0,0.739,73.0,0.63,26.0,0.385,0.616,0.637,27.8,6.8,8.8,2.4,1.0,3.8,34.6,36.6,43.4,11.6,118.5,110.4,0.573
11,Anthony Edwards,Min,G,22.9,16.0,40.5,29.5,13.8,102.0,0.814,209.0,0.526,115.0,0.4,0.552,0.598,27.6,7.0,6.5,1.5,0.6,3.3,34.6,34.1,41.1,10.7,116.0,106.7,0.683
12,Devin Booker,Pho,G,27.6,4.0,41.5,26.6,14.4,41.0,0.951,45.0,0.556,20.0,0.35,0.546,0.662,27.5,3.3,6.0,1.8,0.3,2.8,30.8,33.5,36.8,7.9,130.4,108.4,0.598
13,Paolo Banchero,Orl,F,21.6,7.0,37.5,33.9,17.6,49.0,0.755,109.0,0.477,40.0,0.4,0.51,0.554,27.0,8.6,4.0,1.1,0.6,4.6,35.6,31.0,39.6,10.4,102.2,107.4,0.573
14,Kevin Durant,Pho,F,35.7,4.0,42.1,25.6,12.9,34.0,0.824,55.0,0.582,12.0,0.417,0.59,0.653,26.8,6.5,3.3,0.5,1.5,2.5,33.3,30.0,36.5,7.9,122.6,114.5,0.598
15,Jayson Tatum,Bos,F,26.3,19.0,40.4,29.2,11.8,137.0,0.861,234.0,0.513,138.0,0.283,0.48,0.549,25.0,9.7,6.3,1.1,0.7,2.6,34.7,31.3,40.9,11.4,114.1,104.9,0.78
16,Khris Middleton,Mil,F,32.9,6.0,38.3,28.2,10.9,30.0,0.9,83.0,0.53,31.0,0.355,0.531,0.582,24.7,9.2,4.7,0.5,0.2,2.3,33.8,29.3,38.5,10.7,117.0,107.1,0.598
17,Jaylen Brown,Bos,F,27.6,19.0,37.2,28.6,13.1,103.0,0.66,229.0,0.607,110.0,0.327,0.569,0.591,23.9,5.9,3.3,1.2,0.6,2.7,29.8,27.2,33.1,8.3,111.1,106.9,0.78
18,Bam Adebayo,Mia,C,26.9,5.0,38.5,29.0,7.6,21.0,0.714,87.0,0.529,10.0,0.2,0.505,0.532,22.6,9.4,3.8,0.4,0.0,1.6,32.0,26.4,35.8,9.7,109.5,106.7,0.561
19,Kyrie Irving,Dal,G,32.2,22.0,40.0,24.9,11.3,73.0,0.849,262.0,0.508,136.0,0.39,0.534,0.566,22.1,3.7,5.1,1.0,0.3,2.3,25.8,27.3,31.0,7.5,112.8,112.9,0.61
20,Pascal Siakam,Ind,F,30.2,17.0,35.4,25.3,6.1,63.0,0.619,243.0,0.588,47.0,0.298,0.566,0.578,21.6,7.5,3.8,0.8,0.4,1.1,29.1,25.4,32.9,9.6,120.4,114.8,0.573
21,James Harden,Lac,G,34.8,6.0,40.3,22.1,13.5,32.0,0.906,42.0,0.524,47.0,0.383,0.551,0.616,21.2,4.5,8.0,1.0,1.0,2.3,25.7,29.2,33.7,9.1,127.4,115.0,0.622
22,Jamal Murray,Den,G,27.3,12.0,38.5,29.0,11.1,26.0,0.923,176.0,0.438,73.0,0.315,0.448,0.474,20.6,4.3,5.6,0.8,0.5,2.6,24.9,26.2,30.5,8.2,98.1,112.6,0.695
23,Paul George,Lac,G,34.1,6.0,37.1,24.6,12.8,25.0,0.84,46.0,0.457,49.0,0.367,0.505,0.552,19.5,6.8,4.8,1.2,0.5,2.3,26.3,24.3,31.2,9.3,111.1,107.3,0.622
24,Karl-Anthony Towns,Min,F,28.6,16.0,32.6,25.2,10.4,69.0,0.855,149.0,0.523,83.0,0.361,0.53,0.581,19.1,9.0,2.6,0.8,0.2,1.7,28.1,21.7,30.7,9.4,116.8,100.3,0.683
25,Franz Wagner,Orl,F,22.8,7.0,37.1,22.2,8.0,44.0,0.886,69.0,0.478,34.0,0.265,0.451,0.539,18.9,6.9,4.4,0.7,1.3,1.3,25.7,23.3,30.1,9.0,118.7,106.3,0.573
26,Jalen Williams,Okc,F,23.2,10.0,37.7,23.1,10.6,27.0,0.815,121.0,0.496,39.0,0.385,0.516,0.544,18.7,6.8,5.4,1.7,0.5,1.9,25.5,24.1,30.9,9.4,112.7,109.3,0.695
27,Tyrese Haliburton,Ind,G,24.3,15.0,34.8,22.1,12.6,20.0,0.85,75.0,0.693,140.0,0.379,0.612,0.626,18.7,4.8,8.2,1.3,0.7,2.1,23.5,26.9,31.7,10.4,126.8,120.6,0.573
28,Donte DiVincenzo,Nyk,G,27.4,13.0,35.8,20.8,7.7,30.0,0.867,85.0,0.412,106.0,0.425,0.537,0.566,17.8,4.0,2.6,1.2,0.9,1.2,21.8,20.4,24.4,6.4,118.2,111.9,0.61
29,CJ McCollum,Nor,G,32.7,4.0,36.9,27.0,17.7,2.0,1.0,45.0,0.533,29.0,0.241,0.466,0.474,17.8,4.8,4.8,1.8,0.8,4.0,22.5,22.5,27.3,8.1,88.1,105.8,0.598
30,Brook Lopez,Mil,C,36.2,6.0,33.4,20.8,10.7,15.0,0.533,52.0,0.654,23.0,0.435,0.653,0.65,17.7,4.3,1.8,0.0,1.3,1.5,22.0,19.5,23.8,6.2,121.3,117.2,0.598
31,Jarrett Allen,Cle,C,26.2,4.0,31.8,19.6,11.8,26.0,0.692,37.0,0.676,0.0,0.0,0.676,0.702,17.0,13.8,1.3,1.3,1.0,1.3,30.8,18.3,32.0,8.5,137.5,103.7,0.585
32,Myles Turner,Ind,C,28.2,17.0,32.4,21.4,13.8,50.0,0.76,119.0,0.563,86.0,0.453,0.612,0.637,17.0,6.6,2.1,0.5,1.5,1.9,23.6,19.1,25.8,7.6,116.7,114.6,0.573
33,Austin Reaves,Lal,G,26.1,5.0,34.8,20.0,5.9,19.0,0.895,37.0,0.622,26.0,0.269,0.532,0.589,16.8,3.8,3.6,1.4,0.6,0.8,20.6,20.4,24.2,7.0,123.7,114.2,0.573
34,Tyler Herro,Mia,G,24.4,5.0,37.0,25.5,15.2,10.0,0.9,35.0,0.429,43.0,0.349,0.481,0.51,16.8,3.6,5.4,0.4,0.0,2.8,20.4,22.2,25.8,7.4,98.9,111.8,0.561
35,Derrick White,Bos,G,30.0,19.0,35.6,18.8,6.2,38.0,0.921,80.0,0.55,161.0,0.404,0.587,0.617,16.7,4.3,4.1,0.9,1.2,0.8,21.0,20.8,25.1,7.5,130.9,109.1,0.78
36,Bobby Portis,Mil,F,29.4,6.0,31.2,26.0,9.0,13.0,0.615,79.0,0.519,12.0,0.25,0.5,0.512,16.5,11.3,1.0,0.5,0.2,1.5,27.8,17.5,28.8,7.3,102.5,108.7,0.598
37,Bradley Beal,Pho,G,31.0,4.0,38.6,22.6,18.0,5.0,0.8,36.0,0.444,23.0,0.435,0.525,0.539,16.5,2.8,4.5,0.8,0.3,3.3,19.3,21.0,23.8,6.1,102.1,112.1,0.598
38,Ivica Zubac,Lac,C,27.3,6.0,32.0,20.6,10.2,20.0,0.65,70.0,0.6,0.0,0.0,0.6,0.615,16.2,9.3,1.0,0.8,0.5,1.3,25.5,17.2,26.5,6.7,121.1,105.6,0.622
39,Evan Mobley,Cle,C,23.0,12.0,35.2,20.3,13.1,36.0,0.694,128.0,0.594,18.0,0.278,0.572,0.593,16.0,9.3,2.3,0.8,2.2,1.8,25.3,18.3,27.6,7.9,114.5,106.3,0.585
40,Michael Porter Jr.,Den,F,26.0,12.0,36.9,18.2,11.0,26.0,0.769,65.0,0.538,81.0,0.407,0.579,0.6,15.8,6.8,1.1,0.9,0.8,1.5,22.6,16.8,23.7,5.3,110.1,110.1,0.695
41,Darius Garland,Cle,G,24.4,12.0,36.0,22.4,13.6,21.0,0.81,100.0,0.48,71.0,0.352,0.5,0.522,15.7,3.6,5.8,1.1,0.2,2.3,19.3,21.4,25.0,7.7,104.6,109.4,0.585
42,Chet Holmgren,Okc,C,22.1,10.0,34.5,20.2,13.7,33.0,0.758,69.0,0.667,50.0,0.26,0.55,0.584,15.6,7.2,2.1,0.7,2.5,1.9,22.8,17.7,24.9,7.2,110.7,107.5,0.695
43,OG Anunoby,Nyk,F,26.9,9.0,36.0,17.2,8.2,13.0,0.615,72.0,0.556,39.0,0.41,0.577,0.583,15.1,6.0,1.1,0.9,1.0,1.1,21.1,16.2,22.2,5.2,113.9,112.5,0.61
44,Andrew Nembhard,Ind,G-F,24.4,17.0,32.6,17.6,11.2,26.0,0.769,122.0,0.598,60.0,0.483,0.64,0.654,14.9,3.3,5.5,0.4,0.2,1.4,18.2,20.4,23.7,7.9,131.0,115.0,0.573
45,Alec Burks,Nyk,G,32.9,6.0,20.1,23.4,0.0,32.0,0.844,22.0,0.591,28.0,0.429,0.62,0.694,14.8,3.3,1.0,0.2,0.2,0.0,18.2,15.8,19.2,7.3,152.2,113.5,0.61
46,Jalen Suggs,Orl,G,23.0,7.0,33.2,21.8,19.5,30.0,0.767,34.0,0.559,48.0,0.292,0.488,0.541,14.7,5.1,3.3,1.3,0.4,2.9,19.9,18.0,23.1,7.6,103.4,106.0,0.573
47,Josh Hart,Nyk,G,29.3,13.0,42.1,16.5,18.4,48.0,0.729,91.0,0.484,59.0,0.373,0.513,0.552,14.5,11.5,4.5,1.0,0.8,2.6,26.1,19.1,30.6,8.6,112.7,107.5,0.61
48,Jonas Valanciunas,Nor,C,32.1,4.0,22.4,29.1,19.1,17.0,0.824,41.0,0.537,1.0,0.0,0.524,0.586,14.5,11.0,1.3,0.5,0.0,2.5,25.5,15.8,26.8,10.6,112.7,101.7,0.598
49,Brandon Ingram,Nor,F,26.8,4.0,36.4,21.8,14.0,19.0,0.895,47.0,0.362,8.0,0.25,0.364,0.45,14.3,4.5,3.3,1.0,1.3,2.3,18.8,17.5,22.0,6.6,92.4,111.4,0.598
50,Aaron Gordon,Den,F,28.8,12.0,37.1,15.3,13.2,28.0,0.821,91.0,0.637,27.0,0.407,0.631,0.66,14.3,7.3,4.4,0.8,0.6,1.5,21.6,18.8,26.0,8.3,133.4,111.6,0.695
51,D'Angelo Russell,Lal,G,28.3,5.0,36.9,20.7,10.9,2.0,0.5,29.0,0.483,44.0,0.318,0.479,0.481,14.2,2.8,4.2,0.8,0.2,1.8,17.0,18.4,21.2,6.0,95.6,117.0,0.573
52,Kelly Oubre Jr.,Phi,F-G,28.5,6.0,37.3,15.8,11.1,11.0,0.727,41.0,0.537,23.0,0.391,0.555,0.574,13.2,4.0,1.7,1.8,1.2,1.3,17.2,14.8,18.8,4.8,112.6,107.6,0.573
53,Jrue Holiday,Bos,G,34.0,19.0,37.9,15.0,13.0,22.0,0.955,106.0,0.585,87.0,0.402,0.593,0.617,13.2,6.1,4.4,1.1,0.6,1.5,19.2,17.5,23.6,7.5,126.8,109.5,0.78
54,P.J. Washington,Dal,F,25.8,22.0,35.7,16.8,12.0,55.0,0.709,99.0,0.535,135.0,0.348,0.528,0.554,13.0,6.6,1.4,0.7,0.8,1.5,19.6,14.4,21.0,5.5,108.0,109.3,0.61
55,Herbert Jones,Nor,G,25.7,4.0,35.2,17.8,21.0,12.0,1.0,17.0,0.471,24.0,0.333,0.488,0.562,13.0,5.0,2.5,1.3,0.3,2.8,18.0,15.5,20.5,6.2,103.7,105.7,0.598
56,Jaime Jaquez Jr.,Mia,G,23.3,4.0,30.6,24.8,11.8,7.0,0.857,39.0,0.462,13.0,0.231,0.433,0.463,12.8,3.3,3.0,0.8,0.5,1.8,16.0,15.8,19.0,6.6,93.1,111.7,0.561
57,Norman Powell,Lac,G,31.1,6.0,29.8,19.0,10.2,15.0,0.8,32.0,0.406,29.0,0.448,0.533,0.57,12.8,2.8,0.3,0.5,0.0,1.2,15.7,13.2,16.0,3.0,107.2,109.6,0.622
58,Kristaps Porzingis,Bos,C,28.9,7.0,23.5,21.1,7.6,22.0,0.909,31.0,0.581,29.0,0.345,0.55,0.617,12.3,4.4,1.1,0.7,1.6,0.7,16.7,13.4,17.9,6.6,124.2,103.8,0.78
59,Jaden McDaniels,Min,F,23.7,16.0,33.6,14.6,10.8,35.0,0.771,84.0,0.571,56.0,0.429,0.6,0.627,12.2,3.8,1.1,0.9,1.1,1.1,16.0,13.3,17.1,4.4,121.5,104.9,0.683
60,Rudy Gobert,Min,C,32.0,15.0,34.2,14.4,18.1,79.0,0.671,104.0,0.615,0.0,0.0,0.615,0.652,12.1,9.8,1.6,0.9,1.0,1.5,21.9,13.7,23.5,6.7,125.4,99.7,0.683
61,Kawhi Leonard,Lac,F,33.0,2.0,29.8,22.5,14.1,3.0,0.667,19.0,0.579,5.0,0.0,0.458,0.474,12.0,8.0,2.0,2.0,0.5,2.0,20.0,14.0,22.0,7.7,94.0,109.1,0.622
62,T.J. McConnell,Ind,G,32.2,17.0,20.5,27.6,10.2,15.0,0.867,159.0,0.522,26.0,0.269,0.505,0.522,11.8,3.1,5.1,0.9,0.1,1.2,14.8,16.8,19.9,11.1,113.1,114.8,0.573
63,Caleb Martin,Mia,F,28.7,5.0,35.1,14.0,6.2,5.0,1.0,20.0,0.5,25.0,0.44,0.589,0.614,11.6,3.6,1.4,0.6,0.0,0.6,15.2,13.0,16.6,4.4,122.6,109.2,0.561
64,Mike Conley,Min,G,36.7,15.0,31.6,17.0,12.1,28.0,0.714,69.0,0.464,76.0,0.395,0.531,0.553,11.6,3.9,5.7,1.4,0.2,1.3,15.5,17.3,21.2,8.1,119.6,104.9,0.683
65,Trey Murphy III,Nor,F,24.0,4.0,42.0,14.6,14.3,0.0,0.0,18.0,0.444,30.0,0.333,0.479,0.479,11.5,6.5,2.3,1.3,1.5,2.0,18.0,13.8,20.3,5.3,91.8,108.8,0.598
66,Naz Reid,Min,C-F,24.8,16.0,22.5,21.4,9.0,31.0,0.71,73.0,0.548,69.0,0.362,0.546,0.569,11.1,3.7,1.0,0.5,0.8,0.9,14.8,12.1,15.8,6.1,109.5,104.2,0.683
67,Miles McBride,Nyk,G,23.8,13.0,26.7,17.8,8.1,12.0,0.833,56.0,0.518,68.0,0.368,0.536,0.553,11.0,2.2,1.9,0.5,0.2,0.8,13.2,12.9,15.2,5.4,115.2,110.7,0.61
68,Obi Toppin,Ind,F,26.3,17.0,20.2,21.1,9.4,25.0,0.76,79.0,0.671,56.0,0.357,0.615,0.634,10.9,4.4,1.7,0.4,0.4,0.8,15.3,12.6,17.0,8.6,121.6,115.7,0.573
69,Luguentz Dort,Okc,F,25.2,10.0,35.0,14.4,10.7,19.0,0.842,27.0,0.296,64.0,0.391,0.5,0.538,10.7,4.6,2.0,1.3,0.2,1.1,15.3,12.7,17.3,5.3,113.4,104.8,0.695
70,Aaron Nesmith,Ind,G-F,24.7,17.0,32.9,14.6,14.0,37.0,0.919,62.0,0.629,79.0,0.278,0.511,0.566,10.5,4.9,2.2,0.6,0.5,1.4,15.4,12.6,17.6,5.9,112.1,111.4,0.573
71,Caris LeVert,Cle,G,29.8,11.0,25.3,21.3,12.0,26.0,0.654,69.0,0.551,33.0,0.182,0.461,0.489,10.1,3.6,2.3,0.8,0.5,1.3,13.7,12.4,16.0,6.9,99.4,111.7,0.585
72,Max Strus,Cle,F,28.2,12.0,36.1,12.9,12.7,5.0,1.0,31.0,0.548,72.0,0.347,0.529,0.542,9.5,5.3,2.9,0.8,0.0,1.3,14.8,12.4,17.8,5.8,108.0,106.9,0.585
73,Nikola Jovic,Mia,F,21.0,5.0,25.7,17.2,14.2,7.0,0.857,14.0,0.5,22.0,0.409,0.569,0.601,9.4,6.6,2.2,1.0,0.6,1.2,16.0,11.6,18.2,8.0,113.3,104.1,0.561
74,Terance Mann,Lac,G-F,27.7,6.0,31.2,13.3,9.7,8.0,1.0,24.0,0.375,22.0,0.455,0.522,0.565,9.3,5.0,1.8,0.0,0.0,0.8,14.3,11.2,16.2,5.6,125.2,112.1,0.622
75,Al Horford,Bos,C-F,38.0,19.0,30.3,12.5,8.0,11.0,0.636,43.0,0.721,95.0,0.368,0.605,0.609,9.2,7.0,2.1,0.8,0.8,0.6,16.2,11.3,18.3,6.8,130.0,108.6,0.78
76,Derrick Jones Jr.,Dal,F,27.3,22.0,29.4,13.4,10.1,30.0,0.733,95.0,0.558,65.0,0.369,0.556,0.577,9.1,3.5,1.2,0.5,1.0,0.8,12.5,10.3,13.8,4.6,116.9,112.0,0.61
77,Daniel Gafford,Dal,F-C,25.7,22.0,20.2,17.4,13.4,65.0,0.631,123.0,0.634,0.0,0.0,0.634,0.65,9.0,5.5,0.7,0.3,1.5,0.9,14.5,9.6,15.2,6.5,126.1,108.5,0.61
78,Naji Marshall,Nor,F,26.4,4.0,21.0,17.0,6.6,6.0,1.0,13.0,0.462,15.0,0.4,0.536,0.587,9.0,2.8,1.3,0.5,0.5,0.5,11.8,10.3,13.0,6.1,122.3,106.4,0.598
79,Tobias Harris,Phi,F,31.9,6.0,36.4,11.8,5.5,4.0,1.0,33.0,0.485,18.0,0.333,0.49,0.512,9.0,7.2,1.5,0.2,0.5,0.5,16.2,10.5,17.7,5.1,113.1,113.7,0.573
80,Malik Beasley,Mil,G,27.6,6.0,21.9,15.4,6.8,0.0,0.0,16.0,0.625,25.0,0.44,0.646,0.646,8.8,2.5,0.7,0.7,0.0,0.5,11.3,9.5,12.0,4.5,119.1,112.5,0.598
81,Josh Giddey,Okc,G,21.7,10.0,18.1,22.8,13.7,8.0,0.875,41.0,0.537,34.0,0.353,0.533,0.554,8.7,3.6,2.1,0.2,0.4,1.2,12.3,10.8,14.4,8.9,107.9,111.3,0.695
82,Isaiah Hartenstein,Nyk,C-F,26.1,13.0,29.8,11.9,19.9,22.0,0.864,74.0,0.595,2.0,0.5,0.599,0.642,8.5,7.8,3.5,0.3,0.9,1.5,16.3,12.0,19.8,8.2,132.0,106.8,0.61
83,Patrick Beverley,Mil,G,35.9,6.0,34.9,11.3,13.2,15.0,0.867,28.0,0.429,11.0,0.364,0.462,0.537,8.2,3.3,5.5,1.0,0.7,1.0,11.5,13.7,17.0,6.1,124.5,112.6,0.598
84,Kentavious Caldwell-Pope,Den,G,31.3,12.0,35.0,11.0,10.4,11.0,1.0,31.0,0.516,55.0,0.327,0.5,0.534,8.1,2.9,2.6,1.4,0.4,0.8,11.0,10.7,13.6,4.5,111.9,109.0,0.695
85,Delon Wright,Mia,G,32.1,4.0,26.8,9.5,0.0,2.0,1.0,10.0,0.6,10.0,0.6,0.75,0.766,8.0,3.0,1.8,1.0,0.3,0.0,11.0,9.8,12.8,5.2,160.8,111.1,0.561
86,Eric Gordon,Pho,G,35.5,4.0,29.4,14.2,12.4,8.0,0.875,11.0,0.182,17.0,0.412,0.446,0.508,8.0,1.8,1.3,1.3,0.5,1.0,9.8,9.3,11.0,3.6,101.8,116.2,0.598
87,Dereck Lively II,Dal,C,20.3,21.0,22.0,14.1,18.1,61.0,0.59,94.0,0.67,1.0,1.0,0.679,0.677,7.9,7.4,1.3,0.4,1.0,1.0,15.3,9.1,16.6,7.7,132.9,105.1,0.61
88,Rui Hachimura,Lal,F,26.4,5.0,30.5,13.2,5.0,8.0,0.5,24.0,0.417,14.0,0.357,0.461,0.47,7.8,3.8,0.8,0.0,0.0,0.4,11.6,8.6,12.4,3.8,101.3,115.7,0.573
89,Jusuf Nurkic,Pho,C,29.8,4.0,25.9,16.7,18.6,11.0,0.455,24.0,0.542,2.0,0.0,0.5,0.503,7.8,8.3,2.8,1.5,1.5,1.5,16.0,10.5,18.8,8.7,111.3,99.7,0.598
90,Wendell Carter Jr.,Orl,C,25.2,7.0,26.4,13.5,9.6,11.0,0.727,22.0,0.545,25.0,0.28,0.479,0.511,7.6,6.3,1.3,0.7,0.6,0.7,13.9,8.9,15.1,6.0,109.5,101.3,0.573
91,Taurean Prince,Lal,F,30.2,5.0,22.2,14.0,3.3,8.0,1.0,12.0,0.583,17.0,0.294,0.5,0.569,7.4,2.4,0.6,0.2,0.4,0.2,9.8,8.0,10.4,4.0,117.1,111.8,0.573
92,Nickeil Alexander-Walker,Min,F,25.8,16.0,23.6,15.8,11.8,10.0,1.0,31.0,0.548,81.0,0.296,0.473,0.498,7.3,1.8,2.3,0.6,0.4,0.9,9.0,9.6,11.3,5.3,103.3,109.1,0.683
93,Kyle Lowry,Phi,G,38.2,6.0,29.3,11.2,11.0,15.0,0.8,8.0,0.375,24.0,0.333,0.469,0.544,7.0,3.5,4.0,1.0,0.7,0.7,10.5,11.0,14.5,6.3,128.1,105.2,0.573
94,Payton Pritchard,Bos,G,26.4,19.0,18.7,16.3,11.7,12.0,0.917,45.0,0.467,60.0,0.383,0.529,0.553,6.4,1.9,2.1,0.2,0.0,0.7,8.4,8.5,10.5,6.3,117.5,111.2,0.78
95,Isaiah Joe,Okc,G,25.0,10.0,17.3,15.5,8.5,0.0,0.0,15.0,0.533,39.0,0.41,0.593,0.593,6.4,2.2,1.0,0.5,0.0,0.5,8.6,7.4,9.6,5.6,114.6,111.4,0.695
96,Markelle Fultz,Orl,G,26.1,7.0,15.1,19.1,18.9,9.0,0.556,33.0,0.606,1.0,0.0,0.588,0.593,6.4,2.0,1.1,0.4,0.0,1.1,8.4,7.6,9.6,6.4,107.7,103.8,0.573
97,Moritz Wagner,Orl,F-C,27.1,7.0,15.0,21.5,18.1,17.0,0.588,27.0,0.519,9.0,0.222,0.472,0.506,6.3,4.4,0.3,0.9,0.4,1.1,10.7,6.6,11.0,5.4,97.7,89.2,0.573
98,Jonathan Isaac,Orl,F,26.7,7.0,21.0,13.1,9.2,2.0,1.0,12.0,0.5,27.0,0.37,0.538,0.552,6.3,4.9,0.4,0.7,1.3,0.6,11.1,6.7,11.6,4.4,112.8,108.1,0.573
99,Larry Nance Jr.,Nor,F-C,31.5,4.0,21.1,13.8,28.8,6.0,0.667,13.0,0.692,4.0,0.25,0.618,0.636,6.3,8.3,1.8,0.5,0.0,1.8,14.5,8.0,16.3,8.6,120.0,103.1,0.598
100,Nicolas Batum,Phi,G-F,35.5,6.0,28.3,10.2,14.6,8.0,0.625,7.0,0.429,22.0,0.409,0.569,0.584,6.3,5.8,1.3,0.2,0.8,0.8,12.2,7.7,13.5,5.1,118.4,110.7,0.573
101,Russell Westbrook,Lac,G,35.6,6.0,19.0,26.3,16.6,13.0,0.615,33.0,0.273,17.0,0.235,0.3,0.341,6.3,4.2,1.7,1.2,0.5,1.7,10.5,8.0,12.2,7.5,75.3,105.9,0.622
102,Aaron Wiggins,Okc,G,25.5,10.0,15.7,17.7,16.0,11.0,0.909,27.0,0.63,20.0,0.3,0.553,0.598,6.2,3.2,1.0,0.6,0.3,0.9,9.4,7.2,10.4,6.9,113.8,110.1,0.695
103,Marcus Morris Sr.,Cle,F,34.8,9.0,15.3,17.7,5.8,3.0,0.667,25.0,0.52,23.0,0.391,0.552,0.558,6.1,2.8,0.3,0.4,0.0,0.3,8.9,6.4,9.2,4.5,106.3,109.4,0.585
104,Patty Mills,Mia,G,35.9,3.0,17.2,18.8,5.5,4.0,0.75,6.0,0.5,11.0,0.273,0.441,0.48,6.0,0.3,1.0,0.3,0.0,0.3,6.3,7.0,7.3,2.8,102.8,115.7,0.561
105,Bojan Bogdanovic,Nyk,F,35.2,4.0,12.7,24.4,4.0,7.0,0.571,9.0,0.111,15.0,0.4,0.417,0.443,6.0,3.0,1.0,0.0,0.3,0.3,9.0,7.0,10.0,8.3,102.8,110.4,0.61
106,Thomas Bryant,Mia,C-F,26.9,2.0,8.9,28.4,21.5,3.0,0.667,5.0,1.0,2.0,0.0,0.714,0.721,6.0,2.5,0.5,0.0,0.0,1.0,8.5,6.5,9.0,8.8,118.1,110.3,0.561
107,Drew Eubanks,Pho,F-C,27.4,3.0,12.5,19.2,13.9,3.0,1.0,12.0,0.583,0.0,0.0,0.583,0.638,5.7,1.3,0.0,0.7,0.3,0.7,7.0,5.7,7.0,0.0,108.7,100.9,0.598
108,Cameron Payne,Phi,G,29.9,5.0,12.2,21.1,10.7,0.0,0.0,7.0,0.286,18.0,0.444,0.56,0.56,5.6,1.2,1.4,0.2,0.8,0.6,6.8,7.0,8.2,6.9,109.7,102.1,0.573
109,Buddy Hield,Phi,G,31.5,4.0,12.8,18.0,10.3,2.0,1.0,4.0,0.25,13.0,0.462,0.588,0.615,5.5,1.3,0.5,0.0,0.3,0.5,6.8,6.0,7.3,4.8,117.8,114.0,0.573
110,Isaac Okoro,Cle,F,23.4,12.0,21.9,15.1,13.5,9.0,0.778,35.0,0.457,35.0,0.257,0.421,0.446,5.5,1.8,1.1,0.9,0.3,0.9,7.3,6.6,8.3,4.0,88.8,105.4,0.585
111,P.J. Tucker,Lac,F,39.1,2.0,15.3,13.4,33.3,0.0,0.0,2.0,0.5,4.0,0.75,0.917,0.917,5.5,1.5,0.0,0.0,0.0,1.5,7.0,5.5,7.0,0.0,114.5,103.6,0.622
112,Sam Hauser,Bos,F,26.5,19.0,14.9,14.6,3.4,4.0,1.0,13.0,0.692,71.0,0.38,0.589,0.601,5.4,2.2,0.6,0.3,0.2,0.2,7.6,6.0,8.2,5.2,124.9,108.2,0.78
113,Ben Sheppard,Ind,G,22.9,17.0,19.7,11.6,13.4,9.0,0.778,21.0,0.571,50.0,0.38,0.57,0.587,5.2,3.0,1.0,0.5,0.1,0.6,8.2,6.2,9.2,5.1,112.8,113.5,0.573
114,Precious Achiuwa,Nyk,F,24.7,9.0,20.5,12.6,8.5,13.0,0.385,40.0,0.525,3.0,0.0,0.488,0.482,5.2,4.2,0.6,0.4,1.3,0.4,9.4,5.8,10.0,4.6,111.6,107.2,0.61
115,Christian Braun,Den,G,23.2,12.0,17.0,13.9,1.8,16.0,0.688,36.0,0.528,18.0,0.222,0.463,0.5,5.1,2.7,0.8,0.2,0.4,0.1,7.8,5.8,8.5,5.2,115.0,109.6,0.695
116,Cole Anthony,Orl,G,24.1,7.0,14.7,21.3,10.8,9.0,0.889,28.0,0.393,13.0,0.154,0.341,0.4,5.1,2.1,1.3,0.6,0.1,0.7,7.3,6.4,8.6,6.5,88.1,96.9,0.573
117,Royce O'Neale,Pho,F,31.0,4.0,26.1,10.8,8.3,0.0,0.0,4.0,0.25,18.0,0.333,0.455,0.455,5.0,4.8,1.0,0.3,0.0,0.5,9.8,6.0,10.8,4.4,103.5,108.8,0.598
118,Josh Green,Dal,G,23.6,22.0,18.1,11.4,7.6,19.0,0.737,26.0,0.5,59.0,0.39,0.559,0.584,5.0,2.5,1.0,0.8,0.1,0.3,7.5,6.0,8.5,5.1,126.2,111.1,0.61
119,Haywood Highsmith,Mia,F,27.5,5.0,25.1,12.6,12.3,1.0,1.0,12.0,0.583,16.0,0.188,0.411,0.422,4.8,2.8,1.6,0.2,0.2,0.8,7.6,6.4,9.2,4.4,89.1,105.6,0.561
120,Pat Connaughton,Mil,G,31.4,6.0,20.7,10.7,10.5,2.0,1.0,14.0,0.571,11.0,0.273,0.5,0.522,4.5,3.8,2.2,1.0,0.2,0.5,8.3,6.7,10.5,6.5,116.5,112.2,0.598
121,Jaylin Williams,Okc,F,22.0,10.0,12.7,13.6,8.3,4.0,0.75,11.0,0.636,22.0,0.409,0.621,0.633,4.4,3.2,1.5,0.4,0.3,0.3,7.6,5.9,9.1,8.7,132.4,104.0,0.695
122,Tim Hardaway Jr.,Dal,G-F,32.3,14.0,12.7,16.2,3.3,8.0,0.5,21.0,0.429,37.0,0.351,0.491,0.496,4.4,1.8,0.4,0.4,0.1,0.1,6.1,4.7,6.5,4.6,102.5,112.5,0.61
123,Kyle Anderson,Min,F-G,30.7,15.0,15.4,14.2,14.8,12.0,0.833,49.0,0.49,8.0,0.25,0.474,0.514,4.3,2.7,2.5,0.7,0.3,0.7,6.9,6.8,9.5,8.0,119.5,101.6,0.683
124,Cason Wallace,Okc,G,20.6,10.0,19.8,10.6,8.8,2.0,0.5,13.0,0.538,28.0,0.321,0.5,0.501,4.2,1.3,1.0,0.9,0.2,0.4,5.5,5.2,6.5,3.6,108.0,111.5,0.695
125,Jaden Hardy,Dal,G,22.0,19.0,6.8,28.8,9.3,15.0,0.733,41.0,0.439,27.0,0.407,0.507,0.536,4.2,0.8,0.9,0.2,0.0,0.4,5.0,5.1,5.9,8.5,109.0,108.7,0.61
126,Gary Harris,Orl,G,29.8,6.0,26.5,8.5,6.6,2.0,1.0,6.0,0.167,22.0,0.318,0.411,0.433,4.2,2.0,0.7,1.2,0.5,0.3,6.2,4.8,6.8,2.7,99.6,103.4,0.573
127,Luka Garza,Min,C,25.5,7.0,3.7,27.4,0.0,8.0,0.875,9.0,0.889,3.0,0.667,0.917,0.934,4.1,0.9,0.1,0.0,0.0,0.0,5.0,4.3,5.1,7.8,0.0,0.0,0.683
128,Isaiah Jackson,Ind,F,22.4,15.0,10.2,16.2,8.5,18.0,0.611,43.0,0.535,0.0,0.0,0.535,0.56,3.8,3.2,0.5,0.2,0.9,0.3,7.0,4.3,7.5,7.2,124.9,105.3,0.573
129,Danilo Gallinari,Mil,F,35.9,3.0,12.4,13.3,10.7,4.0,0.75,6.0,0.667,2.0,0.0,0.5,0.564,3.7,3.0,0.7,0.0,0.0,0.3,6.7,4.3,7.3,6.4,116.1,118.9,0.598
130,Bones Hyland,Lac,G,23.8,3.0,4.0,37.4,11.8,4.0,1.0,2.0,1.0,5.0,0.2,0.5,0.628,3.7,0.7,1.3,0.0,0.0,0.3,4.3,5.0,5.7,15.0,134.2,120.4,0.622
131,Dean Wade,Cle,F,27.6,3.0,21.0,11.1,13.3,0.0,0.0,3.0,0.333,10.0,0.3,0.423,0.423,3.7,2.0,1.7,0.3,0.7,0.7,5.7,5.3,7.3,4.4,92.6,112.2,0.585
132,Maxi Kleber,Dal,C,32.4,13.0,16.8,9.7,11.3,6.0,0.667,11.0,0.364,28.0,0.429,0.564,0.576,3.7,1.9,1.0,0.2,0.3,0.4,5.6,4.7,6.6,4.6,116.6,110.4,0.61
133,Josh Okogie,Pho,F,25.8,4.0,7.3,21.8,17.8,6.0,0.5,6.0,0.667,3.0,0.333,0.611,0.601,3.5,1.0,0.5,0.5,0.0,0.5,4.5,4.0,5.0,6.6,106.1,90.6,0.598
134,Grayson Allen,Pho,G,28.7,2.0,21.4,10.7,35.5,4.0,1.0,0.0,0.0,5.0,0.2,0.3,0.518,3.5,4.0,1.0,0.5,0.0,1.5,7.5,4.5,8.5,4.5,94.8,109.1,0.598
135,Reggie Jackson,Den,G,34.2,12.0,9.8,22.3,14.2,2.0,1.0,25.0,0.32,23.0,0.348,0.417,0.43,3.5,1.3,1.0,0.2,0.1,0.7,4.8,4.5,5.8,6.8,87.0,107.6,0.695
136,Sam Merrill,Cle,G,28.1,10.0,12.5,11.3,0.0,3.0,1.0,2.0,0.0,27.0,0.37,0.517,0.544,3.3,1.2,0.9,0.0,0.0,0.0,4.5,4.2,5.4,4.9,125.7,112.3,0.585
137,Mason Plumlee,Lac,F-C,34.3,6.0,11.0,16.2,9.9,8.0,0.625,18.0,0.389,0.0,0.0,0.389,0.441,3.2,3.3,0.7,0.5,0.3,0.3,6.5,3.8,7.2,7.1,106.8,94.6,0.622
138,Spencer Dinwiddie,Lal,G,31.2,5.0,14.6,11.2,6.6,6.0,0.5,6.0,0.5,8.0,0.25,0.429,0.451,3.0,1.4,1.6,0.4,0.2,0.2,4.4,4.6,6.0,5.2,108.1,109.6,0.573
139,Anthony Black,Orl,G,20.4,2.0,5.4,32.5,12.5,0.0,0.0,5.0,0.6,2.0,0.0,0.429,0.429,3.0,1.0,1.0,0.5,0.0,0.5,4.0,4.0,5.0,10.7,93.7,101.3,0.573
140,Chuma Okeke,Orl,F,25.8,2.0,4.9,15.4,0.0,1.0,1.0,1.0,1.0,2.0,0.5,0.833,0.872,3.0,0.0,0.5,0.0,0.0,0.0,3.0,3.5,3.5,0.0,181.1,119.9,0.573
141,Daniel Theis,Lac,F-C,32.2,1.0,4.4,10.4,0.0,0.0,0.0,0.0,0.0,1.0,1.0,1.5,1.5,3.0,1.0,0.0,0.0,0.0,0.0,4.0,3.0,4.0,0.0,300.0,118.6,0.622
142,Luke Kornet,Bos,C-F,28.9,13.0,10.2,11.4,21.9,13.0,0.846,21.0,0.667,0.0,0.0,0.667,0.73,3.0,3.2,0.5,0.1,0.4,0.5,6.2,3.5,6.7,6.6,143.1,106.1,0.78
143,Markieff Morris,Dal,F,34.8,1.0,12.0,22.7,16.7,0.0,0.0,2.0,0.0,3.0,0.333,0.3,0.3,3.0,4.0,0.0,0.0,0.0,1.0,7.0,3.0,7.0,0.0,51.6,105.2,0.61
144,Justin Holiday,Den,F-G,35.2,12.0,12.5,12.2,7.8,4.0,0.5,6.0,0.0,29.0,0.379,0.471,0.476,2.9,1.7,0.3,0.5,0.0,0.3,4.6,3.3,4.9,3.6,95.5,105.1,0.695
145,AJ Green,Mil,G,24.7,6.0,11.2,12.5,5.7,3.0,1.0,5.0,0.8,11.0,0.182,0.438,0.491,2.8,1.5,0.3,0.0,0.0,0.2,4.3,3.2,4.7,3.9,101.1,106.7,0.598
146,Amir Coffey,Lac,G-F,27.0,6.0,18.7,11.0,18.5,0.0,0.0,11.0,0.364,11.0,0.273,0.386,0.386,2.8,1.7,0.3,0.3,0.2,0.8,4.5,3.2,4.8,2.4,72.5,116.3,0.622
147,Mitchell Robinson,Nyk,C,26.2,6.0,19.1,7.9,17.5,8.0,0.375,14.0,0.5,0.0,0.0,0.5,0.485,2.8,6.8,0.5,1.0,1.2,0.5,9.7,3.3,10.2,4.4,123.2,100.7,0.61
148,Georges Niang,Cle,F,31.0,10.0,12.1,19.8,14.5,8.0,0.875,18.0,0.333,23.0,0.13,0.256,0.314,2.8,1.2,0.4,0.4,0.2,0.7,4.0,3.2,4.4,3.6,66.2,101.6,0.585
149,Duncan Robinson,Mia,F,30.2,5.0,11.9,17.2,23.8,0.0,0.0,3.0,0.667,13.0,0.231,0.406,0.406,2.6,1.0,1.2,0.4,0.0,1.0,3.6,3.8,4.8,4.9,74.6,105.5,0.561
150,Jett Howard,Orl,G,20.8,2.0,4.9,22.4,40.0,0.0,0.0,2.0,0.5,1.0,1.0,0.833,0.833,2.5,0.5,0.5,0.0,0.0,1.0,3.0,3.0,3.5,7.0,91.9,106.0,0.573
151,Andre Jackson Jr.,Mil,G,22.6,5.0,11.9,10.8,21.4,0.0,0.0,5.0,0.6,6.0,0.333,0.545,0.545,2.4,2.2,2.0,1.0,0.2,0.6,4.6,4.4,6.6,7.4,123.9,98.8,0.598
152,Monte Morris,Min,G,29.0,9.0,7.4,21.1,0.0,2.0,1.0,16.0,0.5,14.0,0.071,0.317,0.34,2.3,0.7,1.0,0.2,0.1,0.0,3.0,3.3,4.0,6.3,90.1,105.5,0.683
153,Julian Strawther,Den,G,22.2,3.0,5.3,25.5,13.9,4.0,0.5,2.0,0.5,4.0,0.25,0.417,0.451,2.3,0.7,0.0,0.3,0.0,0.3,3.0,2.3,3.0,0.0,82.1,94.2,0.695
154,Jae Crowder,Mil,F,34.0,4.0,10.5,14.1,0.0,2.0,1.0,5.0,0.4,7.0,0.143,0.292,0.349,2.3,1.5,0.5,0.0,0.5,0.0,3.8,2.8,4.3,4.6,93.4,111.7,0.598
155,Jeremiah Robinson-Earl,Nor,F,23.6,1.0,5.3,23.8,0.0,2.0,0.0,2.0,0.5,0.0,0.0,0.5,0.347,2.0,1.0,1.0,0.0,0.0,0.0,3.0,3.0,4.0,9.5,99.9,122.7,0.598
156,DaQuan Jeffries,Nyk,G-F,26.8,4.0,5.0,17.5,0.0,0.0,0.0,3.0,0.333,5.0,0.4,0.5,0.5,2.0,1.0,0.0,0.3,0.0,0.0,3.0,2.0,3.0,0.0,111.6,104.8,0.61
157,Dante Exum,Dal,G,28.9,21.0,6.8,16.3,10.1,6.0,0.667,24.0,0.375,20.0,0.35,0.443,0.461,2.0,0.8,0.6,0.1,0.0,0.2,2.9,2.6,3.4,5.8,98.5,113.2,0.61
158,DeAndre Jordan,Den,C,35.9,2.0,6.6,10.1,0.0,2.0,1.0,2.0,0.5,0.0,0.0,0.5,0.694,2.0,1.5,0.0,0.5,0.5,0.0,3.5,2.0,3.5,0.0,158.9,79.2,0.695
159,Jalen Smith,Ind,F-C,24.3,7.0,6.0,16.6,32.6,8.0,0.625,4.0,0.25,4.0,0.5,0.5,0.564,1.9,2.0,0.3,0.3,0.1,0.6,3.9,2.1,4.1,7.0,109.0,100.4,0.573
160,Peyton Watson,Den,G,21.8,10.0,9.0,15.1,11.0,6.0,0.5,12.0,0.25,12.0,0.25,0.313,0.338,1.8,1.5,0.4,0.0,0.6,0.3,3.3,2.2,3.7,4.6,75.9,107.7,0.695
161,Jose Alvarado,Nor,G,26.2,4.0,15.4,17.1,16.7,0.0,0.0,6.0,0.333,14.0,0.071,0.175,0.175,1.8,1.0,2.3,1.3,0.3,1.0,2.8,4.0,5.0,4.2,53.7,110.2,0.598
162,Nassir Little,Pho,F-G,24.3,4.0,3.4,17.2,0.0,0.0,0.0,2.0,1.0,3.0,0.333,0.7,0.7,1.8,0.3,0.0,0.0,0.0,0.0,2.0,1.8,2.0,0.0,0.0,0.0,0.598
163,Kevin Love,Mia,F,35.8,5.0,6.4,16.8,18.2,0.0,0.0,5.0,0.6,4.0,0.25,0.5,0.5,1.8,2.8,0.8,0.0,0.0,0.4,4.6,2.6,5.4,9.9,99.1,103.1,0.561
164,Brandon Boston Jr.,Lac,G,22.6,3.0,3.2,22.9,0.0,2.0,0.5,4.0,0.5,0.0,0.0,0.5,0.512,1.7,0.7,0.3,0.0,0.0,0.0,2.3,2.0,2.7,8.9,0.0,0.0,0.622
165,Zeke Nnaji,Den,F-C,23.4,3.0,4.7,19.3,38.3,2.0,0.5,3.0,0.667,0.0,0.0,0.667,0.644,1.7,0.7,0.0,0.0,0.3,0.7,2.3,1.7,2.3,0.0,92.6,115.4,0.695
166,Oshae Brissett,Bos,F-G,26.0,10.0,5.5,11.6,8.2,4.0,0.5,9.0,0.444,2.0,1.0,0.636,0.627,1.6,1.4,0.0,0.3,0.2,0.1,3.0,1.6,3.0,0.0,123.2,107.4,0.78
167,Joe Ingles,Orl,F-G,36.7,7.0,9.6,8.4,0.0,2.0,0.5,5.0,0.4,7.0,0.286,0.417,0.427,1.6,1.9,1.7,0.4,0.0,0.0,3.4,3.3,5.1,7.2,129.3,107.9,0.573
168,Xavier Tillman,Bos,F,25.4,8.0,8.6,7.7,26.2,1.0,1.0,7.0,0.571,1.0,1.0,0.688,0.711,1.5,1.8,0.4,0.4,0.4,0.4,3.3,1.9,3.6,4.8,122.0,102.4,0.78
169,Paul Reed,Phi,F,25.0,6.0,7.2,13.8,24.5,2.0,0.5,9.0,0.444,0.0,0.0,0.444,0.455,1.5,2.7,0.3,0.2,0.5,0.5,4.2,1.8,4.5,5.9,105.8,99.7,0.573
170,Tristan Thompson,Cle,C-F,33.3,10.0,8.7,10.1,11.0,2.0,0.5,16.0,0.438,0.0,0.0,0.438,0.444,1.5,2.0,1.0,0.1,0.5,0.2,3.5,2.5,4.5,6.6,121.1,106.8,0.585
171,Jericho Sims,Nyk,C,25.7,5.0,5.5,6.0,0.0,4.0,0.75,2.0,1.0,0.0,0.0,1.0,0.931,1.4,1.6,0.2,0.4,0.2,0.0,3.0,1.6,3.2,5.6,194.7,109.4,0.61
172,Gabe Vincent,Lal,G,28.0,5.0,13.8,10.0,20.0,0.0,0.0,5.0,0.4,7.0,0.143,0.292,0.292,1.4,1.6,0.6,0.4,0.0,0.6,3.0,2.0,3.6,3.2,62.4,107.0,0.573
173,Shake Milton,Nyk,G-F,27.7,4.0,5.5,17.2,0.0,6.0,0.833,4.0,0.0,2.0,0.0,0.0,0.289,1.3,0.3,0.5,0.3,0.0,0.0,1.5,1.8,2.0,4.2,84.6,119.5,0.61
174,Doug McDermott,Ind,F,32.5,10.0,6.4,8.5,8.3,0.0,0.0,3.0,0.667,8.0,0.375,0.591,0.591,1.3,0.3,0.7,0.0,0.2,0.1,1.6,2.0,2.3,4.1,132.5,119.9,0.573
175,Dyson Daniels,Nor,G,21.3,3.0,5.7,18.0,14.3,0.0,0.0,4.0,0.5,2.0,0.0,0.333,0.333,1.3,0.7,0.0,0.7,0.0,0.3,2.0,1.3,2.0,0.0,58.6,111.9,0.598
176,Neemias Queta,Bos,C,24.9,3.0,4.5,10.4,0.0,0.0,0.0,3.0,0.667,0.0,0.0,0.667,0.667,1.3,1.0,0.0,0.0,0.3,0.0,2.3,1.3,2.3,0.0,143.5,116.1,0.78
177,Jalen Pickett,Den,G,24.7,3.0,3.6,12.8,0.0,0.0,0.0,2.0,1.0,1.0,0.0,0.667,0.667,1.3,0.3,0.3,0.0,0.3,0.0,1.7,1.7,2.0,5.4,0.0,0.0,0.695
178,Josh Minott,Min,F,21.6,5.0,3.6,22.6,0.0,0.0,0.0,4.0,0.0,5.0,0.4,0.333,0.333,1.2,1.0,0.6,0.0,0.0,0.0,2.2,1.8,2.8,10.0,0.0,0.0,0.683
179,Wendell Moore Jr.,Min,G,22.7,6.0,3.1,19.7,12.5,0.0,0.0,3.0,0.667,4.0,0.25,0.5,0.5,1.2,0.3,0.3,0.2,0.0,0.2,1.5,1.5,1.8,6.1,0.0,0.0,0.683
180,A.J. Lawson,Dal,G,23.9,10.0,3.0,15.0,0.0,2.0,0.5,3.0,0.667,6.0,0.333,0.556,0.557,1.1,0.3,0.0,0.0,0.1,0.0,1.4,1.1,1.4,0.0,0.0,0.0,0.61
181,Jaden Springer,Bos,G,21.7,4.0,5.5,10.6,40.0,0.0,0.0,3.0,0.667,0.0,0.0,0.667,0.667,1.0,0.8,0.3,0.0,0.3,0.5,1.8,1.3,2.0,4.5,79.6,111.5,0.78
182,Chris Livingston,Mil,F,20.7,2.0,3.1,17.2,0.0,3.0,0.0,1.0,1.0,0.0,0.0,1.0,0.431,1.0,0.0,0.0,0.0,0.0,0.0,1.0,1.0,1.0,0.0,0.0,0.0,0.598
183,Caleb Houstan,Orl,G,21.4,3.0,4.7,6.3,0.0,0.0,0.0,0.0,0.0,2.0,0.5,0.75,0.75,1.0,0.7,0.0,0.0,0.0,0.0,1.7,1.0,1.7,0.0,158.0,118.0,0.573
184,Svi Mykhailiuk,Bos,G-F,27.0,8.0,4.0,20.5,14.3,0.0,0.0,3.0,0.333,9.0,0.222,0.333,0.333,1.0,0.6,0.1,0.1,0.0,0.3,1.6,1.1,1.8,3.9,68.3,104.5,0.78
185,James Johnson,Ind,F,37.3,1.0,1.0,85.0,82.0,2.0,0.5,0.0,0.0,0.0,0.0,0.0,0.568,1.0,0.0,0.0,0.0,0.0,1.0,1.0,1.0,1.0,0.0,0.0,0.0,0.573
186,Jarace Walker,Ind,F,20.8,9.0,3.4,25.4,36.8,3.0,0.667,7.0,0.429,3.0,0.0,0.3,0.353,0.9,0.4,0.4,0.2,0.1,0.7,1.3,1.3,1.8,6.2,0.0,0.0,0.573
187,MarJon Beauchamp,Mil,F,23.7,4.0,2.5,27.6,19.2,2.0,0.5,2.0,0.5,2.0,0.0,0.25,0.307,0.8,0.3,0.5,0.0,0.0,0.3,1.0,1.3,1.5,7.9,0.0,0.0,0.598
188,Jordan Walsh,Bos,G,20.3,3.0,3.8,12.3,0.0,0.0,0.0,2.0,0.5,1.0,0.0,0.333,0.333,0.7,0.7,0.0,0.0,0.0,0.0,1.3,0.7,1.3,0.0,0.0,0.0,0.78
189,Bol Bol,Pho,C-F,24.6,3.0,4.3,10.8,0.0,0.0,0.0,3.0,0.333,0.0,0.0,0.333,0.333,0.7,1.3,0.0,0.3,0.0,0.0,2.0,0.7,2.0,0.0,72.1,94.2,0.598
190,Jordan McLaughlin,Min,G,28.2,6.0,5.0,18.1,18.2,2.0,0.0,4.0,0.5,5.0,0.0,0.222,0.202,0.7,0.7,0.3,0.0,0.0,0.3,1.3,1.0,1.7,4.2,45.4,112.0,0.683
191,Kendall Brown,Ind,G,21.1,7.0,3.5,16.5,33.3,0.0,0.0,6.0,0.333,0.0,0.0,0.333,0.333,0.6,0.4,0.3,0.0,0.1,0.4,1.0,0.9,1.3,4.8,0.0,0.0,0.573
192,Kenrich Williams,Okc,G-F,29.5,7.0,4.5,11.6,0.0,0.0,0.0,3.0,0.667,5.0,0.0,0.25,0.25,0.6,1.1,0.4,0.1,0.0,0.0,1.7,1.0,2.1,5.7,81.5,103.0,0.695
193,Mamadi Diakite,Nyk,F,27.4,4.0,3.7,14.4,22.5,2.0,1.0,1.0,0.0,2.0,0.0,0.0,0.258,0.5,0.8,0.3,0.3,0.3,0.3,1.3,0.8,1.5,5.3,0.0,0.0,0.61
194,Ousmane Dieng,Okc,F,21.1,4.0,1.8,12.5,0.0,0.0,0.0,1.0,1.0,1.0,0.0,0.5,0.5,0.5,0.0,0.0,0.0,0.0,0.0,0.5,0.5,0.5,0.0,0.0,0.0,0.695
195,Dwight Powell,Dal,F-C,32.9,13.0,3.4,8.8,47.7,6.0,0.667,3.0,0.333,0.0,0.0,0.333,0.532,0.5,0.9,0.2,0.1,0.0,0.2,1.4,0.7,1.6,5.3,0.0,0.0,0.61
196,Hunter Tyson,Den,F,24.0,3.0,4.6,19.7,19.2,2.0,0.5,1.0,0.0,3.0,0.0,0.0,0.102,0.3,1.0,0.3,0.0,0.0,0.3,1.3,0.7,1.7,3.9,42.8,119.3,0.695
197,Jaxson Hayes,Lal,C-F,24.1,4.0,6.0,9.4,47.4,2.0,0.5,2.0,0.0,0.0,0.0,0.0,0.174,0.3,3.0,0.3,0.0,0.0,0.5,3.3,0.5,3.5,4.3,70.8,82.6,0.573
198,Isaiah Thomas,Pho,G,35.4,1.0,3.6,39.1,33.3,0.0,0.0,1.0,0.0,1.0,0.0,0.0,0.0,0.0,0.0,0.0,0.0,0.0,1.0,0.0,0.0,0.0,0.0,0.0,0.0,0.598
199,T.J. Warren,Min,F,30.8,3.0,3.8,8.1,0.0,0.0,0.0,1.0,0.0,1.0,0.0,0.0,0.0,0.0,1.0,0.3,0.0,0.0,0.0,1.0,0.3,1.3,0.0,0.0,0.0,0.683
200,Thaddeus Young,Pho,F,36.0,1.0,3.6,0.0,0.0,0.0,0.0,0.0,0.0,0.0,0.0,0.0,0.0,0.0,0.0,0.0,0.0,0.0,0.0,0.0,0.0,0.0,0.0,0.0,0.0,0.598
1,Shai Gilgeous-Alexander,Okc,G,26.7,75.0,34.1,34.9,10.0,658.0,0.9,1204.0,0.571,426.0,0.371,0.567,0.636,32.6,5.0,6.4,1.7,1.0,2.4,37.5,38.9,43.9,11.9,128.6,106.1,0.823
2,Giannis Antetokounmpo,Mil,F,30.3,64.0,34.2,35.4,13.8,675.0,0.618,1208.0,0.621,57.0,0.211,0.607,0.625,30.5,11.9,6.3,0.9,1.2,3.2,42.4,36.8,48.7,15.4,121.8,105.0,0.57
3,Nikola Jokic,Den,C,30.1,67.0,36.7,29.9,14.4,432.0,0.803,1000.0,0.629,322.0,0.416,0.628,0.664,30.0,12.8,10.2,1.8,0.7,3.3,42.7,40.2,53.0,17.2,132.7,108.2,0.595
4,Luka Doncic,Dal,F-G,26.1,22.0,35.7,33.2,13.9,146.0,0.767,254.0,0.555,212.0,0.354,0.544,0.584,28.1,8.3,7.8,2.0,0.4,3.4,36.5,36.0,44.3,13.7,115.2,108.0,0.481
5,Anthony Edwards,Min,G,23.7,75.0,36.3,31.4,13.6,473.0,0.835,760.0,0.495,764.0,0.397,0.545,0.593,27.4,5.7,4.6,1.1,0.6,3.2,33.1,32.0,37.7,9.9,114.3,109.9,0.582
6,Luka Doncic,Lal,F-G,26.1,25.0,35.4,34.2,15.9,219.0,0.808,254.0,0.48,243.0,0.358,0.508,0.575,27.3,8.3,7.7,1.6,0.4,3.8,35.6,35.0,43.3,13.6,113.9,107.3,0.608
7,Jayson Tatum,Bos,F-G,27.1,70.0,36.3,31.4,12.7,431.0,0.814,719.0,0.559,707.0,0.344,0.538,0.583,26.9,8.7,6.0,1.1,0.5,3.0,35.6,32.9,41.6,12.3,117.0,106.1,0.747
8,Kevin Durant,Pho,F,36.5,62.0,36.5,28.7,14.5,361.0,0.839,752.0,0.574,372.0,0.43,0.598,0.642,26.6,6.0,4.2,0.8,1.2,3.1,32.6,30.8,36.8,9.6,117.0,117.9,0.443
9,Tyrese Maxey,Phi,G,24.4,52.0,37.7,29.9,10.2,289.0,0.879,613.0,0.515,478.0,0.337,0.511,0.562,26.3,3.3,6.1,1.8,0.4,2.4,29.7,32.4,35.8,8.6,114.2,116.9,0.291
10,Jalen Brunson,Nyk,G,28.6,62.0,35.4,29.5,12.0,434.0,0.825,778.0,0.54,369.0,0.382,0.551,0.606,26.1,3.0,7.4,1.0,0.1,2.5,29.1,33.5,36.5,9.4,123.3,113.5,0.633
11,Paolo Banchero,Orl,F,22.4,44.0,34.4,33.6,13.2,373.0,0.729,610.0,0.51,260.0,0.319,0.501,0.553,26.0,7.5,4.8,0.8,0.6,3.0,33.5,30.7,38.3,11.4,109.2,106.8,0.494
12,Cade Cunningham,Det,G,23.5,68.0,35.0,33.1,17.6,362.0,0.851,1004.0,0.507,408.0,0.353,0.513,0.559,25.9,6.1,9.1,1.0,0.7,4.4,32.0,34.9,41.1,12.9,110.7,108.4,0.544
13,Devin Booker,Pho,G,28.4,72.0,37.5,29.2,13.2,471.0,0.896,831.0,0.539,540.0,0.337,0.526,0.591,25.9,4.1,7.0,0.9,0.2,2.9,30.0,32.9,37.0,9.7,119.0,117.2,0.443
14,Anthony Davis,Lal,F-C,32.1,42.0,34.3,30.3,10.9,321.0,0.788,663.0,0.561,94.0,0.298,0.547,0.602,25.7,11.9,3.4,1.3,2.1,2.2,37.6,29.1,41.0,11.8,120.4,107.3,0.608
15,LaMelo Ball,Cha,G,23.6,47.0,32.0,35.9,14.3,229.0,0.843,475.0,0.478,528.0,0.339,0.494,0.536,25.2,4.9,7.4,1.1,0.3,3.6,30.1,32.6,37.5,12.1,108.7,109.0,0.241
16,De'Aaron Fox,Sac,G,27.3,45.0,37.0,29.0,13.1,246.0,0.829,597.0,0.539,286.0,0.322,0.521,0.567,25.0,5.0,6.1,1.5,0.4,3.0,30.0,31.1,36.1,9.9,113.1,112.6,0.494
17,Damian Lillard,Mil,G,34.7,58.0,36.1,27.8,14.0,393.0,0.921,468.0,0.528,524.0,0.376,0.547,0.621,24.9,4.7,7.1,1.2,0.2,2.8,29.6,32.0,36.7,10.4,122.0,112.2,0.57
18,Kyrie Irving,Dal,G,33.0,50.0,36.1,27.4,10.5,214.0,0.916,586.0,0.517,359.0,0.401,0.549,0.594,24.7,4.8,4.6,1.3,0.5,2.2,29.5,29.3,34.1,9.1,117.8,114.6,0.481
19,Zion Williamson,Nor,F,24.8,30.0,28.6,34.7,15.0,241.0,0.656,495.0,0.576,13.0,0.231,0.57,0.6,24.6,7.2,5.3,1.2,0.9,3.0,31.8,29.9,37.1,13.7,116.7,111.9,0.266
20,LeBron James,Lal,F,40.3,67.0,35.1,30.1,17.1,314.0,0.777,838.0,0.574,382.0,0.38,0.573,0.604,24.5,7.9,8.4,1.0,0.6,3.7,32.4,32.9,40.7,13.4,116.8,112.0,0.608
21,Stephen Curry,Gol,G,37.1,66.0,32.2,29.6,13.7,285.0,0.93,442.0,0.527,741.0,0.397,0.57,0.616,24.4,4.3,6.1,1.1,0.4,2.8,28.8,30.5,34.8,10.7,119.4,112.3,0.595
22,Victor Wembanyama,San,F-C,21.3,46.0,33.2,30.3,14.8,189.0,0.836,454.0,0.586,403.0,0.352,0.559,0.594,24.3,11.0,3.7,1.1,3.8,3.2,35.3,27.9,38.9,12.0,109.3,108.9,0.405
23,Karl-Anthony Towns,Nyk,C-F,29.4,70.0,34.9,27.3,13.6,397.0,0.829,841.0,0.564,334.0,0.422,0.583,0.63,24.3,12.8,3.1,1.0,0.7,2.6,37.1,27.4,40.2,11.3,121.6,102.6,0.633
24,Franz Wagner,Orl,F,23.6,58.0,33.8,31.1,10.7,304.0,0.868,783.0,0.536,341.0,0.293,0.507,0.558,24.2,5.7,4.8,1.2,0.3,2.3,29.9,29.0,34.6,10.3,112.7,105.8,0.494
25,Cam Thomas,Bro,G,23.5,25.0,31.2,32.6,12.0,151.0,0.881,259.0,0.506,195.0,0.349,0.513,0.575,24.0,3.3,3.8,0.6,0.1,2.5,27.3,27.8,31.1,8.6,111.7,116.0,0.329
26,Trae Young,Atl,G,26.6,73.0,36.1,29.5,20.7,535.0,0.877,707.0,0.471,612.0,0.337,0.487,0.564,24.0,3.2,11.6,1.2,0.2,4.7,27.2,35.6,38.8,10.7,113.2,116.6,0.468
27,Donovan Mitchell,Cle,G,28.6,71.0,31.4,31.0,10.1,362.0,0.823,687.0,0.512,633.0,0.368,0.531,0.575,24.0,4.5,5.0,1.3,0.2,2.1,28.5,28.9,33.5,10.4,117.8,109.7,0.797
28,Zach LaVine,Chi,G,30.1,42.0,34.1,26.6,14.6,182.0,0.797,405.0,0.56,305.0,0.446,0.607,0.637,24.0,4.8,4.5,0.9,0.2,2.9,28.8,28.5,33.3,9.4,115.0,116.3,0.456
29,Tyler Herro,Mia,G,25.2,75.0,35.6,27.9,12.6,319.0,0.875,681.0,0.564,660.0,0.374,0.563,0.603,23.8,5.2,5.5,0.9,0.2,2.6,29.1,29.4,34.6,9.9,116.3,113.8,0.456
30,Joel Embiid,Phi,C-F,31.1,19.0,30.2,34.3,16.4,169.0,0.882,238.0,0.492,77.0,0.299,0.481,0.58,23.8,8.2,4.5,0.7,0.9,3.3,31.9,28.3,36.4,12.7,113.8,112.4,0.291
31,Ja Morant,Mem,G,25.7,47.0,30.3,32.0,17.7,303.0,0.828,566.0,0.523,254.0,0.303,0.502,0.563,22.9,4.2,7.3,1.3,0.2,3.8,27.0,30.2,34.4,11.7,111.7,110.3,0.595
32,Quentin Grimes,Phi,G,24.9,26.0,33.8,27.6,14.8,123.0,0.748,226.0,0.571,201.0,0.393,0.58,0.61,22.6,4.9,4.5,1.5,0.4,2.8,27.5,27.0,31.9,9.4,114.6,115.1,0.291
33,Jaylen Brown,Bos,G-F,28.5,62.0,34.5,28.9,12.5,320.0,0.763,754.0,0.531,356.0,0.326,0.517,0.556,22.5,5.8,4.6,1.2,0.3,2.6,28.3,27.0,32.9,9.8,112.6,107.3,0.747
34,DeMar DeRozan,Sac,G-F,35.7,74.0,36.0,24.9,7.5,430.0,0.858,1008.0,0.519,246.0,0.337,0.516,0.576,22.5,3.9,4.4,0.8,0.4,1.4,26.4,26.9,30.8,8.1,121.1,116.0,0.494
35,James Harden,Lac,G,35.6,75.0,35.0,29.7,21.0,549.0,0.874,585.0,0.465,637.0,0.345,0.493,0.575,22.5,5.7,8.6,1.5,0.7,4.3,28.1,31.1,36.7,11.8,112.3,107.4,0.595
36,Jaren Jackson Jr.,Mem,F-C,25.6,71.0,29.7,28.5,11.3,388.0,0.776,800.0,0.543,369.0,0.377,0.55,0.592,22.3,5.8,2.0,1.2,1.6,2.1,28.1,24.4,30.1,8.6,114.8,104.6,0.595
37,Zach LaVine,Sac,G,30.1,29.0,36.5,23.5,14.8,95.0,0.874,254.0,0.575,205.0,0.444,0.615,0.647,22.3,3.8,3.6,0.7,0.1,2.8,26.1,25.9,29.7,7.4,116.2,116.9,0.494
38,Brandon Ingram,Nor,F,27.6,18.0,33.1,30.3,17.1,55.0,0.855,218.0,0.514,115.0,0.374,0.53,0.56,22.2,5.6,5.2,0.9,0.6,3.8,27.8,27.4,32.9,10.4,103.6,115.8,0.266
39,Norman Powell,Lac,G,31.9,57.0,32.2,26.4,10.2,253.0,0.81,490.0,0.541,412.0,0.42,0.581,0.619,22.0,3.2,2.1,1.2,0.2,1.8,25.2,24.1,27.3,6.6,117.0,109.4,0.595
40,Jalen Green,Hou,G,23.2,79.0,33.5,27.3,12.2,334.0,0.811,759.0,0.489,654.0,0.355,0.509,0.548,21.6,4.7,3.5,0.9,0.3,2.5,26.3,25.1,29.8,8.5,110.8,109.8,0.658
41,Jamal Murray,Den,G,28.1,65.0,36.3,23.9,10.8,238.0,0.887,704.0,0.52,389.0,0.396,0.546,0.587,21.6,3.8,6.0,1.4,0.5,2.0,25.5,27.7,31.5,8.7,119.6,115.3,0.595
42,Jalen Williams,Okc,G-F,24.0,67.0,32.3,27.4,11.6,290.0,0.786,794.0,0.529,330.0,0.367,0.535,0.572,21.4,5.3,5.2,1.6,0.7,2.2,26.7,26.5,31.9,10.4,115.3,104.5,0.823
43,RJ Barrett,Tor,F-G,24.8,57.0,32.5,28.7,14.5,311.0,0.63,672.0,0.524,299.0,0.348,0.523,0.547,21.3,6.4,5.5,0.8,0.3,2.9,27.7,26.8,33.2,11.2,107.3,111.0,0.367
44,Trey Murphy III,Nor,F,24.8,53.0,35.0,23.8,10.9,230.0,0.887,401.0,0.556,438.0,0.361,0.548,0.598,21.2,5.1,3.5,1.1,0.7,1.9,26.3,24.8,29.8,8.3,117.9,118.0,0.266
45,CJ McCollum,Nor,G,33.6,56.0,32.7,27.3,9.6,173.0,0.717,540.0,0.506,460.0,0.372,0.53,0.55,21.1,3.8,4.1,0.8,0.4,1.9,24.9,25.2,29.0,8.4,110.3,118.3,0.266
46,Brandon Miller,Cha,F,22.4,27.0,34.2,27.7,13.4,79.0,0.861,198.0,0.475,293.0,0.355,0.509,0.54,21.0,4.9,3.6,1.1,0.7,2.8,25.9,24.7,29.5,8.4,104.0,112.3,0.241
47,Kawhi Leonard,Lac,F,33.8,34.0,30.9,27.9,10.4,108.0,0.806,387.0,0.537,173.0,0.405,0.559,0.587,21.0,5.8,3.0,1.5,0.5,1.9,26.7,24.0,29.7,9.3,113.5,107.8,0.595
48,Coby White,Chi,G,25.1,71.0,33.3,24.5,13.4,296.0,0.899,515.0,0.546,575.0,0.374,0.554,0.604,20.7,3.6,4.5,1.0,0.2,2.4,24.3,25.2,28.8,8.3,114.8,115.2,0.456
49,Anthony Davis,Dal,F-C,32.1,7.0,28.9,32.5,10.3,41.0,0.683,98.0,0.5,23.0,0.261,0.479,0.518,20.6,9.6,3.4,0.7,1.7,2.0,30.1,24.0,33.6,12.1,105.3,108.5,0.481
50,Jordan Poole,Was,G,25.8,67.0,29.6,28.9,16.2,272.0,0.882,427.0,0.511,615.0,0.377,0.543,0.591,20.5,3.0,4.5,1.3,0.4,3.0,23.5,24.9,28.0,8.8,109.2,114.2,0.215
51,Darius Garland,Cle,G,25.2,73.0,30.7,27.2,14.0,246.0,0.882,626.0,0.526,514.0,0.399,0.558,0.597,20.4,2.9,6.7,1.2,0.2,2.5,23.3,27.1,30.0,9.6,120.4,111.3,0.797
52,Miles Bridges,Cha,F,27.0,63.0,31.7,28.0,11.0,250.0,0.868,632.0,0.516,444.0,0.313,0.497,0.542,20.4,7.5,3.9,0.7,0.7,2.1,28.0,24.3,31.8,10.6,110.2,114.0,0.241
53,Pascal Siakam,Ind,F,31.0,76.0,32.6,24.4,8.5,304.0,0.737,832.0,0.57,321.0,0.386,0.572,0.6,20.3,6.9,3.4,0.9,0.5,1.4,27.2,23.7,30.6,9.6,120.4,110.6,0.608
54,Austin Reaves,Lal,G,26.9,70.0,34.9,23.8,14.2,350.0,0.883,487.0,0.546,513.0,0.374,0.554,0.614,20.2,4.5,5.8,1.1,0.3,2.4,24.7,26.0,30.5,9.3,121.6,112.6,0.608
55,Andrew Wiggins,Mia,F,30.1,15.0,33.0,26.9,14.9,71.0,0.761,138.0,0.529,90.0,0.367,0.537,0.577,19.9,4.1,3.2,1.1,1.1,2.7,24.0,23.1,27.2,7.7,107.5,111.5,0.456
56,De'Aaron Fox,San,G,27.3,17.0,34.0,26.0,12.8,72.0,0.819,185.0,0.535,95.0,0.274,0.493,0.537,19.7,4.3,6.8,1.5,0.3,2.4,24.0,26.5,30.8,9.8,110.9,112.7,0.405
57,Anfernee Simons,Por,G,25.8,70.0,32.7,24.6,11.3,194.0,0.902,532.0,0.496,593.0,0.363,0.521,0.557,19.3,2.7,4.8,0.9,0.1,2.0,22.0,24.1,26.8,7.7,114.7,116.7,0.443
58,Kristaps Porzingis,Bos,F-C,29.7,40.0,28.8,25.7,8.6,187.0,0.813,314.0,0.545,230.0,0.404,0.571,0.617,19.3,6.9,2.1,0.8,1.6,1.3,26.2,21.4,28.3,9.1,124.8,103.1,0.747
59,Alperen Sengun,Hou,C,22.7,75.0,31.6,26.2,14.7,428.0,0.692,1039.0,0.519,90.0,0.233,0.505,0.545,19.2,10.4,4.9,1.1,0.8,2.6,29.6,24.1,34.5,12.6,115.2,101.9,0.658
60,Domantas Sabonis,Sac,F-C,28.9,67.0,34.7,21.7,18.6,286.0,0.752,708.0,0.629,149.0,0.403,0.624,0.654,19.2,13.9,6.1,0.7,0.4,2.9,33.1,25.3,39.2,13.6,127.3,105.9,0.494
61,Desmond Bane,Mem,G,26.8,66.0,31.9,23.3,14.3,191.0,0.89,575.0,0.548,395.0,0.385,0.56,0.596,19.0,6.1,5.4,1.2,0.4,2.5,25.1,24.4,30.5,10.7,118.0,109.2,0.595
62,De'Andre Hunter,Atl,F-G,27.3,37.0,28.7,24.2,10.7,176.0,0.858,245.0,0.531,247.0,0.393,0.56,0.616,19.0,3.9,1.5,0.8,0.1,1.6,22.9,20.5,24.4,6.7,117.2,112.7,0.468
63,John Collins,Uta,F-C,27.5,40.0,30.5,24.2,16.2,164.0,0.848,383.0,0.577,148.0,0.399,0.583,0.628,19.0,8.2,2.0,1.0,1.0,2.6,27.1,21.0,29.1,8.9,115.2,111.7,0.203
64,Lauri Markkanen,Uta,F-C,27.9,47.0,31.4,24.0,8.6,185.0,0.876,301.0,0.525,399.0,0.346,0.521,0.571,19.0,5.9,1.5,0.7,0.4,1.4,24.9,20.5,26.4,7.0,114.8,118.6,0.203
65,Scottie Barnes,Tor,F-G,23.7,62.0,33.0,26.7,15.0,290.0,0.769,730.0,0.505,270.0,0.263,0.476,0.521,18.9,7.6,5.8,1.5,1.0,2.9,26.5,24.8,32.4,11.4,106.5,111.4,0.367
66,Jalen Johnson,Atl,F,23.3,36.0,35.7,22.5,16.3,126.0,0.746,402.0,0.565,141.0,0.312,0.54,0.568,18.9,10.0,5.0,1.6,1.0,2.9,28.9,23.9,33.9,11.0,109.5,111.8,0.468
67,Cameron Johnson,Bro,F,29.1,57.0,31.6,23.0,11.7,225.0,0.893,339.0,0.578,408.0,0.39,0.582,0.632,18.8,4.3,3.4,0.9,0.4,1.7,23.1,22.2,26.5,8.2,122.7,114.5,0.329
68,Julius Randle,Min,F-C,30.4,65.0,32.2,25.2,17.0,333.0,0.805,595.0,0.553,292.0,0.332,0.535,0.589,18.7,7.0,4.7,0.7,0.2,2.8,25.7,23.4,30.4,10.6,116.3,107.0,0.582
69,Nikola Vucevic,Chi,C,34.5,70.0,31.4,22.4,10.2,147.0,0.803,685.0,0.591,313.0,0.403,0.595,0.614,18.7,10.1,3.4,0.8,0.7,1.6,28.7,22.1,32.1,11.0,121.6,110.1,0.456
70,Evan Mobley,Cle,C,23.8,69.0,30.5,23.1,13.7,289.0,0.727,659.0,0.627,219.0,0.37,0.609,0.636,18.5,9.2,3.1,0.8,1.6,2.0,27.8,21.7,30.9,10.6,124.0,106.6,0.797
71,Tyrese Haliburton,Ind,G,25.1,71.0,33.6,21.6,10.7,207.0,0.855,435.0,0.579,544.0,0.388,0.581,0.614,18.5,3.5,9.3,1.5,0.6,1.6,22.0,27.8,31.3,10.1,130.2,116.0,0.608
72,Collin Sexton,Uta,G,26.3,62.0,28.0,26.9,15.5,248.0,0.863,583.0,0.515,270.0,0.407,0.545,0.595,18.5,2.8,4.2,0.7,0.1,2.5,21.2,22.6,25.4,8.6,114.6,117.7,0.203
73,Dennis Schroder,Bro,G,31.6,23.0,33.6,23.8,15.3,81.0,0.889,175.0,0.509,150.0,0.387,0.542,0.588,18.4,3.0,6.6,1.1,0.2,2.6,21.4,25.0,28.0,8.5,116.0,113.3,0.329
74,Shaedon Sharpe,Por,G,21.9,71.0,31.2,25.0,11.8,232.0,0.797,621.0,0.556,460.0,0.307,0.515,0.549,18.3,4.5,2.7,0.8,0.2,2.0,22.7,21.0,25.5,7.8,109.2,114.9,0.443
75,Michael Porter Jr.,Den,F,26.8,74.0,33.8,20.3,9.1,186.0,0.769,541.0,0.601,473.0,0.393,0.596,0.616,18.3,7.0,2.2,0.7,0.5,1.4,25.2,20.5,27.4,7.8,121.3,113.6,0.595
76,O.G. Anunoby,Nyk,F-G,27.7,72.0,36.5,19.6,8.9,218.0,0.821,550.0,0.562,446.0,0.379,0.565,0.597,18.1,4.8,2.2,1.5,0.9,1.3,22.9,20.3,25.1,6.3,119.2,111.5,0.633
77,Bam Adebayo,Mia,C-F,27.7,76.0,34.4,23.6,12.8,317.0,0.767,874.0,0.518,212.0,0.344,0.518,0.558,18.0,9.6,4.3,1.3,0.7,2.1,27.6,22.3,32.0,10.5,114.5,107.4,0.456
78,Mikal Bridges,Nyk,G-F,28.6,78.0,37.5,19.6,10.0,111.0,0.811,695.0,0.594,450.0,0.356,0.57,0.585,17.9,3.2,3.7,0.9,0.5,1.6,21.1,21.6,24.8,6.4,116.2,116.3,0.633
79,Jaden Ivey,Det,G,23.1,30.0,29.9,26.0,17.7,116.0,0.733,259.0,0.49,154.0,0.409,0.536,0.569,17.6,4.1,4.0,0.9,0.4,3.0,21.7,21.6,25.7,8.8,107.3,110.6,0.544
80,Andrew Wiggins,Gol,F,30.1,43.0,30.1,23.4,8.7,179.0,0.777,340.0,0.491,248.0,0.379,0.524,0.566,17.6,4.6,2.3,0.9,0.8,1.3,22.1,19.9,24.5,7.6,115.7,111.8,0.595
81,Dejounte Murray,Nor,G,28.5,31.0,32.7,27.3,17.5,124.0,0.823,320.0,0.444,174.0,0.299,0.445,0.494,17.5,6.5,7.4,2.0,0.4,3.4,23.9,24.8,31.3,11.5,101.4,114.3,0.266
82,Immanuel Quickley,Tor,G,25.8,32.0,28.2,25.3,11.8,128.0,0.867,212.0,0.462,220.0,0.377,0.515,0.569,17.4,3.6,5.9,0.7,0.1,1.8,21.0,23.3,26.9,10.2,118.8,113.5,0.367
83,Malik Monk,Sac,G,27.2,65.0,31.6,24.6,14.5,178.0,0.865,511.0,0.534,428.0,0.325,0.513,0.549,17.2,3.8,5.6,0.9,0.6,2.4,21.0,22.8,26.5,9.1,109.8,112.6,0.494
84,Jimmy Butler,Gol,F,35.6,26.0,32.5,20.7,12.6,187.0,0.866,230.0,0.513,62.0,0.258,0.486,0.596,17.2,5.9,5.8,1.7,0.3,1.6,23.0,23.0,28.9,10.3,131.0,113.0,0.595
85,Bradley Beal,Pho,G,31.8,50.0,32.2,22.2,12.5,132.0,0.795,415.0,0.564,241.0,0.382,0.567,0.594,17.0,3.4,3.6,1.1,0.6,1.9,20.4,20.6,24.0,7.4,113.8,115.4,0.443
86,Jimmy Butler,Mia,F,35.6,25.0,30.6,21.1,10.2,161.0,0.801,227.0,0.568,36.0,0.361,0.565,0.638,17.0,5.2,4.8,1.1,0.4,1.2,22.3,21.8,27.1,9.8,135.8,114.4,0.456
87,Keyonte George,Uta,G,21.4,64.0,31.2,24.3,16.2,273.0,0.813,386.0,0.456,485.0,0.348,0.493,0.545,16.9,3.8,5.6,0.7,0.1,2.6,20.7,22.5,26.2,9.1,109.8,119.6,0.203
88,Deni Avdija,Por,F,24.3,72.0,30.0,23.2,18.8,372.0,0.78,502.0,0.552,342.0,0.365,0.55,0.605,16.9,7.3,3.9,1.0,0.5,2.7,24.2,20.8,28.1,10.4,115.7,109.2,0.443
89,Devin Vassell,San,G-F,24.6,62.0,31.1,22.2,8.7,119.0,0.798,455.0,0.512,415.0,0.371,0.533,0.555,16.5,4.0,2.9,1.3,0.5,1.3,20.5,19.4,23.4,7.4,109.8,115.5,0.405
90,Ivica Zubac,Lac,C,28.1,76.0,32.5,19.5,12.1,231.0,0.654,886.0,0.624,0.0,0.0,0.624,0.636,16.5,12.5,2.6,0.7,1.2,1.6,29.1,19.1,31.6,10.0,127.7,104.1,0.595
91,Derrick White,Bos,G,30.8,74.0,33.7,19.8,11.8,161.0,0.839,261.0,0.586,672.0,0.384,0.579,0.605,16.4,4.5,4.7,0.9,1.0,1.7,20.9,21.1,25.5,8.3,123.1,110.2,0.747
92,Jalen Suggs,Orl,G,23.8,35.0,28.6,27.5,17.5,110.0,0.882,239.0,0.506,242.0,0.314,0.489,0.536,16.2,4.0,3.7,1.5,0.9,2.9,20.2,19.9,23.9,8.7,100.9,102.7,0.494
93,Malik Beasley,Det,G,28.4,79.0,28.0,22.4,7.4,137.0,0.679,295.0,0.464,738.0,0.413,0.576,0.586,16.2,2.7,1.7,0.9,0.1,1.0,18.9,17.9,20.6,6.0,115.4,113.4,0.544
94,Jordan Clarkson,Uta,G,32.8,37.0,26.0,27.8,14.9,143.0,0.797,261.0,0.448,231.0,0.364,0.494,0.541,16.2,3.2,3.7,0.8,0.2,2.3,19.4,19.9,23.1,8.9,106.9,119.3,0.203
95,Paul George,Phi,F,34.9,41.0,32.5,23.5,15.7,97.0,0.814,302.0,0.493,268.0,0.358,0.514,0.543,16.2,5.3,4.3,1.8,0.5,2.6,21.6,20.6,25.9,8.8,104.2,112.3,0.291
96,Bennedict Mathurin,Ind,G-F,22.8,69.0,29.8,22.7,13.8,312.0,0.837,536.0,0.522,274.0,0.347,0.522,0.584,16.0,5.3,1.9,0.6,0.3,1.9,21.4,17.9,23.2,7.3,110.6,111.6,0.608
97,Myles Turner,Ind,C-F,29.0,69.0,30.4,20.7,13.1,223.0,0.776,404.0,0.559,381.0,0.402,0.58,0.614,15.7,6.6,1.6,0.8,1.9,1.7,22.3,17.3,23.8,7.2,113.0,109.0,0.608
98,Jonathan Kuminga,Gol,F,22.5,44.0,24.7,27.3,11.0,223.0,0.664,399.0,0.506,143.0,0.315,0.497,0.537,15.6,4.7,2.3,0.8,0.5,1.5,20.3,17.9,22.6,8.9,108.1,107.7,0.595
99,Mark Williams,Cha,C,23.3,42.0,26.6,21.3,12.9,163.0,0.804,421.0,0.62,3.0,0.0,0.616,0.659,15.5,10.2,2.5,0.7,1.2,1.5,25.7,18.0,28.2,11.0,129.3,106.3,0.241
100,Christian Braun,Den,G,24.0,76.0,33.9,15.8,9.2,204.0,0.824,576.0,0.646,217.0,0.396,0.632,0.663,15.4,5.2,2.5,1.1,0.5,1.1,20.6,17.9,23.1,6.9,131.1,113.6,0.595
101,Jared McCain,Phi,G,21.1,23.0,25.7,24.8,11.9,56.0,0.875,141.0,0.532,133.0,0.383,0.553,0.589,15.3,2.4,2.6,0.7,0.0,1.6,17.7,17.9,20.3,7.1,113.3,118.0,0.291
102,Kyle Kuzma,Was,F,29.7,32.0,27.7,27.0,13.8,98.0,0.602,295.0,0.495,160.0,0.281,0.469,0.488,15.2,5.8,2.5,0.6,0.2,2.3,21.0,17.7,23.4,8.7,92.9,116.8,0.215
103,Kelly Oubre Jr.,Phi,F-G,29.3,60.0,34.6,19.0,9.7,185.0,0.751,499.0,0.555,242.0,0.293,0.518,0.551,15.1,6.1,1.8,1.5,0.5,1.3,21.2,16.9,23.0,6.4,111.1,112.3,0.291
104,Chet Holmgren,Okc,C-F,22.9,30.0,27.4,21.9,14.5,118.0,0.737,206.0,0.558,111.0,0.378,0.562,0.6,14.8,8.1,1.9,0.7,2.3,1.8,22.9,16.7,24.8,8.9,114.5,100.8,0.823
105,Caris LeVert,Atl,G,30.6,23.0,26.6,21.1,7.3,60.0,0.733,147.0,0.599,121.0,0.331,0.552,0.577,14.8,3.6,2.9,1.0,0.6,0.9,18.4,17.7,21.3,8.1,118.5,113.7,0.468
106,P.J. Washington,Dal,F,26.6,55.0,32.3,20.4,14.9,192.0,0.729,415.0,0.494,230.0,0.374,0.518,0.554,14.7,7.8,2.3,1.1,1.1,2.1,22.5,16.9,24.7,7.9,106.4,109.8,0.481
107,Stephon Castle,San,G,20.4,77.0,26.3,26.1,14.9,314.0,0.72,622.0,0.497,318.0,0.283,0.472,0.517,14.5,3.6,3.9,0.9,0.2,2.1,18.1,18.4,22.1,8.9,104.6,113.9,0.405
108,Jakob Poeltl,Tor,C,29.5,57.0,29.6,18.7,16.1,144.0,0.674,576.0,0.628,3.0,0.333,0.628,0.641,14.5,9.6,2.8,1.2,1.2,1.9,24.1,17.2,26.8,9.9,121.0,105.0,0.367
109,Gradey Dick,Tor,G-F,21.4,54.0,29.4,21.0,11.4,155.0,0.858,321.0,0.47,326.0,0.35,0.498,0.543,14.4,3.6,1.8,0.9,0.2,1.5,18.0,16.2,19.8,6.2,106.5,112.8,0.367
110,Josh Giddey,Chi,G,22.5,69.0,30.1,21.7,20.3,221.0,0.778,507.0,0.509,272.0,0.375,0.528,0.567,14.4,8.0,7.1,1.2,0.6,2.9,22.4,21.5,29.5,12.4,114.9,112.1,0.456
111,Deandre Ayton,Por,C,26.7,40.0,30.1,19.5,12.8,60.0,0.667,436.0,0.594,32.0,0.188,0.573,0.583,14.4,10.2,1.6,0.8,1.0,1.7,24.6,16.0,26.2,8.2,113.8,108.8,0.443
112,Kyle Kuzma,Mil,F,29.7,29.0,33.2,21.2,15.6,98.0,0.663,224.0,0.522,133.0,0.301,0.496,0.524,14.4,6.0,2.4,0.5,0.4,2.3,20.5,16.8,22.9,7.1,97.6,110.1,0.57
113,Jerami Grant,Por,F,31.1,47.0,32.4,19.5,10.2,166.0,0.849,278.0,0.381,296.0,0.365,0.467,0.523,14.4,3.5,2.1,0.9,1.0,1.4,17.9,16.6,20.0,5.8,108.9,113.7,0.443
114,Naz Reid,Min,C-F,25.6,76.0,27.6,21.6,10.6,137.0,0.766,438.0,0.541,444.0,0.383,0.558,0.578,14.3,6.0,2.3,0.8,0.9,1.4,20.3,16.6,22.6,8.4,114.2,104.8,0.582
115,Dyson Daniels,Atl,G,22.1,73.0,33.9,18.2,14.0,134.0,0.597,662.0,0.544,229.0,0.349,0.539,0.547,14.2,5.8,4.3,3.0,0.7,2.0,20.1,18.5,24.4,8.3,110.1,110.1,0.468
116,Klay Thompson,Dal,G,35.2,70.0,27.4,22.0,9.3,74.0,0.905,320.0,0.447,541.0,0.394,0.537,0.555,14.2,3.5,2.0,0.7,0.4,1.3,17.6,16.2,19.7,6.8,108.5,116.6,0.481
117,Tre Mann,Cha,G,24.2,13.0,24.5,26.0,13.4,21.0,0.905,101.0,0.455,60.0,0.4,0.509,0.537,14.1,2.9,3.0,0.5,0.3,1.9,17.0,17.1,20.0,8.1,105.4,114.5,0.241
118,Dillon Brooks,Hou,G-F,29.2,74.0,32.0,17.6,7.9,122.0,0.811,423.0,0.466,463.0,0.397,0.534,0.556,14.1,3.7,1.7,0.8,0.2,1.0,17.8,15.8,19.5,5.6,116.9,105.1,0.658
119,Fred VanVleet,Hou,G,31.1,59.0,35.3,17.5,10.1,133.0,0.82,293.0,0.43,453.0,0.344,0.483,0.515,14.1,3.7,5.6,1.6,0.4,1.4,17.8,19.6,23.4,7.5,116.9,107.6,0.658
120,Aaron Gordon,Den,F,29.6,48.0,28.0,18.5,13.4,168.0,0.804,288.0,0.569,157.0,0.452,0.608,0.651,14.1,4.8,3.3,0.4,0.3,1.4,18.9,17.3,22.2,8.7,128.2,115.0,0.595
121,Amen Thompson,Hou,G-F,22.2,68.0,32.3,17.4,16.6,243.0,0.683,598.0,0.597,90.0,0.278,0.573,0.601,14.0,8.2,3.8,1.4,1.3,2.0,22.3,17.9,26.1,9.4,120.9,104.4,0.658
122,Payton Pritchard,Bos,G,27.2,76.0,28.2,18.7,8.4,80.0,0.838,208.0,0.625,599.0,0.411,0.618,0.632,14.0,3.8,3.4,0.9,0.2,1.0,17.8,17.4,21.2,8.0,130.9,110.8,0.747
123,De'Andre Hunter,Cle,F-G,27.3,25.0,24.7,19.7,7.4,72.0,0.847,110.0,0.545,126.0,0.437,0.604,0.646,13.8,4.0,1.2,0.6,0.3,0.8,17.8,15.0,19.0,6.6,127.5,105.8,0.797
124,Josh Hart,Nyk,G,30.1,75.0,37.5,15.4,17.1,204.0,0.779,505.0,0.622,245.0,0.335,0.583,0.615,13.8,9.5,5.9,1.5,0.4,2.1,23.3,19.7,29.2,9.8,125.2,107.9,0.633
125,Jarrett Allen,Cle,C,27.0,78.0,28.4,15.9,13.1,267.0,0.723,617.0,0.716,4.0,0.0,0.712,0.729,13.8,9.8,1.9,0.9,0.9,1.2,23.6,15.7,25.6,9.0,141.6,106.6,0.797
126,Tobias Harris,Det,F,32.7,70.0,32.0,17.5,9.2,158.0,0.867,529.0,0.541,254.0,0.335,0.528,0.565,13.8,6.0,2.2,1.0,0.8,1.1,19.8,16.0,22.0,7.1,115.2,110.5,0.544
127,Bobby Portis,Mil,F,30.2,47.0,24.7,24.3,9.1,67.0,0.821,392.0,0.505,165.0,0.364,0.517,0.538,13.4,8.1,2.2,0.7,0.5,1.2,21.6,15.6,23.7,10.0,109.9,105.2,0.57
128,Russell Westbrook,Den,G,36.4,72.0,28.1,23.7,22.7,219.0,0.644,521.0,0.516,281.0,0.331,0.509,0.533,13.3,5.0,6.2,1.4,0.5,3.3,18.3,19.5,24.5,10.6,104.2,109.1,0.595
129,Naji Marshall,Dal,F,27.2,66.0,27.7,20.0,13.3,156.0,0.814,471.0,0.614,207.0,0.271,0.55,0.585,13.2,4.8,2.9,1.0,0.2,1.6,18.1,16.2,21.0,8.2,114.9,113.3,0.481
130,Onyeka Okongwu,Atl,F-C,24.3,71.0,27.6,17.2,11.2,204.0,0.75,517.0,0.636,136.0,0.316,0.603,0.633,13.2,8.8,2.3,0.9,0.9,1.2,22.0,15.5,24.3,9.3,128.9,108.7,0.468
131,Brook Lopez,Mil,C,37.0,77.0,32.1,15.8,9.6,134.0,0.821,388.0,0.642,361.0,0.374,0.603,0.627,13.2,5.1,1.8,0.6,1.9,1.0,18.2,15.0,20.1,6.2,122.8,110.6,0.57
132,Rui Hachimura,Lal,F,27.2,57.0,31.6,15.9,7.9,107.0,0.766,320.0,0.575,238.0,0.412,0.593,0.615,13.1,5.1,1.4,0.8,0.5,0.8,18.1,14.5,19.5,5.7,122.3,112.9,0.608
133,Alexandre Sarr,Was,C,20.0,63.0,27.2,23.3,12.1,156.0,0.667,452.0,0.454,324.0,0.315,0.461,0.485,13.0,6.5,2.3,0.7,1.5,1.7,19.5,15.3,21.8,8.5,99.0,114.4,0.215
134,Moritz Wagner,Orl,F-C,28.0,30.0,18.8,26.8,16.4,110.0,0.718,174.0,0.649,75.0,0.36,0.616,0.649,12.9,4.9,1.4,0.8,0.4,1.6,17.8,14.3,19.2,9.5,117.5,101.2,0.494
135,Kevin Huerter,Chi,G-F,26.6,23.0,30.2,17.6,9.1,19.0,0.737,94.0,0.543,164.0,0.366,0.547,0.556,12.9,3.3,2.9,1.2,0.3,1.1,16.1,15.8,19.0,6.6,109.8,114.6,0.456
136,D'Angelo Russell,Bro,G,29.1,29.0,24.7,25.9,15.1,92.0,0.826,135.0,0.467,192.0,0.297,0.454,0.508,12.9,2.8,5.6,1.1,0.7,2.0,15.7,18.4,21.2,9.5,107.6,110.4,0.329
137,Scoot Henderson,Por,G,21.2,66.0,26.7,22.6,20.5,206.0,0.767,388.0,0.469,297.0,0.354,0.496,0.54,12.7,3.0,5.1,1.0,0.2,2.7,15.7,17.8,20.8,8.7,107.0,109.8,0.443
138,Santi Aldama,Mem,F-C,24.2,62.0,25.5,18.8,9.8,93.0,0.699,317.0,0.599,312.0,0.365,0.574,0.587,12.7,6.5,2.9,0.8,0.5,1.1,19.2,15.5,22.1,9.7,121.7,111.7,0.595
139,Malcolm Brogdon,Was,G,32.3,24.0,23.5,23.7,13.7,92.0,0.88,184.0,0.478,56.0,0.286,0.467,0.544,12.7,3.8,4.1,0.5,0.2,1.6,16.5,16.8,20.6,9.9,112.9,119.2,0.215
140,Khris Middleton,Mil,F,33.7,23.0,23.2,22.0,14.9,46.0,0.848,125.0,0.584,86.0,0.407,0.595,0.627,12.6,3.7,4.4,0.7,0.2,1.6,16.3,17.0,20.7,10.2,121.0,105.7,0.57
141,Keegan Murray,Sac,F,24.6,74.0,34.5,15.0,6.8,70.0,0.829,363.0,0.565,440.0,0.348,0.541,0.556,12.5,6.6,1.4,0.8,0.9,0.8,19.2,14.0,20.6,5.6,116.4,112.6,0.494
142,Keldon Johnson,San,F-G,25.5,74.0,23.8,21.4,9.1,185.0,0.778,467.0,0.561,263.0,0.323,0.534,0.569,12.5,4.7,1.6,0.6,0.3,1.0,17.2,14.1,18.8,7.6,114.9,114.5,0.405
143,Zaccharie Risacher,Atl,F,20.0,71.0,24.8,20.8,10.6,141.0,0.723,416.0,0.529,324.0,0.346,0.524,0.547,12.4,3.6,1.3,0.7,0.5,1.2,16.0,13.6,17.3,6.2,106.8,113.4,0.468
144,D'Angelo Russell,Lal,G,29.1,29.0,26.3,22.1,13.8,53.0,0.849,143.0,0.51,168.0,0.333,0.505,0.537,12.4,2.8,4.7,0.8,0.1,1.7,15.1,17.0,19.8,8.3,109.5,111.8,0.608
145,Bilal Coulibaly,Was,G,20.7,59.0,33.0,17.9,16.7,185.0,0.746,400.0,0.5,224.0,0.281,0.472,0.515,12.3,5.0,3.4,1.3,0.7,2.1,17.3,15.7,20.7,7.2,102.7,116.9,0.215
146,Ayo Dosunmu,Chi,G,25.2,46.0,30.3,16.6,13.3,79.0,0.785,260.0,0.612,189.0,0.328,0.561,0.585,12.3,3.5,4.5,0.9,0.4,1.5,15.8,16.8,20.3,7.6,117.1,113.7,0.456
147,Jaden McDaniels,Min,F,24.5,78.0,32.1,16.2,9.7,124.0,0.823,504.0,0.558,292.0,0.336,0.538,0.563,12.3,5.8,2.0,1.4,0.9,1.1,18.1,14.3,20.1,6.5,116.0,105.4,0.582
148,Ty Jerome,Cle,G-F,27.8,68.0,19.8,23.4,13.0,145.0,0.869,348.0,0.572,243.0,0.428,0.601,0.638,12.3,2.5,3.3,1.1,0.0,1.3,14.8,15.6,18.1,9.4,126.8,108.6,0.797
149,Jabari Smith Jr.,Hou,F,21.9,57.0,30.1,16.4,9.9,126.0,0.825,289.0,0.519,277.0,0.354,0.525,0.562,12.2,7.0,1.1,0.4,0.7,1.1,19.3,13.3,20.3,6.0,116.9,106.3,0.658
150,Daniel Gafford,Dal,F-C,26.5,54.0,21.7,19.3,14.1,183.0,0.683,383.0,0.697,0.0,0.0,0.697,0.711,12.2,6.8,1.4,0.4,1.8,1.2,19.0,13.6,20.4,9.0,136.4,105.3,0.481
151,Georges Niang,Atl,F,31.8,25.0,23.5,19.8,10.6,29.0,0.793,76.0,0.5,167.0,0.407,0.576,0.592,12.1,3.2,1.7,0.4,0.2,1.2,15.3,13.8,17.0,6.9,111.9,110.3,0.468
152,Harrison Barnes,San,F,32.9,78.0,27.1,15.7,6.7,187.0,0.797,316.0,0.589,335.0,0.424,0.613,0.646,12.1,3.7,1.7,0.4,0.2,0.6,15.9,13.8,17.6,6.3,130.8,119.9,0.405
153,Tari Eason,Hou,F,23.9,55.0,25.0,19.2,10.5,101.0,0.772,358.0,0.559,178.0,0.343,0.544,0.569,12.0,6.4,1.4,1.7,0.9,1.1,18.4,13.4,19.8,7.6,118.0,100.5,0.658
154,Aaron Nesmith,Ind,G-F,25.5,42.0,25.0,17.3,9.0,71.0,0.915,168.0,0.595,184.0,0.429,0.621,0.655,12.0,3.9,1.2,0.8,0.4,0.8,15.8,13.2,17.0,6.1,123.7,108.7,0.608
155,Jalen Duren,Det,C,21.4,75.0,26.2,16.3,19.8,236.0,0.682,525.0,0.69,0.0,0.0,0.69,0.704,11.8,10.4,2.7,0.7,1.2,1.7,22.2,14.5,24.8,10.6,132.9,100.0,0.544
156,Moses Brown,Dal,C,25.5,4.0,18.3,21.6,14.5,6.0,0.833,29.0,0.724,0.0,0.0,0.724,0.743,11.8,7.8,0.5,1.0,0.8,1.3,19.5,12.3,20.0,7.8,130.1,96.5,0.481
157,Rudy Gobert,Min,C,32.8,68.0,33.0,12.8,15.7,250.0,0.676,468.0,0.667,0.0,0.0,0.667,0.686,11.7,10.9,1.8,0.8,1.5,1.3,22.5,13.4,24.3,7.4,136.3,105.0,0.582
158,Drew Timme,Bro,F,24.6,5.0,25.0,20.9,13.9,6.0,0.833,34.0,0.647,15.0,0.2,0.541,0.562,11.6,5.4,1.8,0.8,0.2,1.6,17.0,13.4,18.8,7.7,107.8,111.8,0.329
159,Corey Kispert,Was,F,26.1,61.0,26.3,17.5,10.2,88.0,0.852,235.0,0.574,330.0,0.364,0.558,0.584,11.6,3.0,1.7,0.4,0.2,1.0,14.5,13.2,16.2,5.9,112.2,119.8,0.215
160,Bogdan Bogdanovic,Lac,G,32.6,26.0,25.3,18.4,12.4,26.0,0.885,106.0,0.547,127.0,0.425,0.597,0.616,11.6,3.3,3.3,0.7,0.2,1.3,14.8,14.9,18.2,7.9,120.2,105.4,0.595
161,Kai Jones,Dal,C-F,24.2,11.0,21.3,14.7,8.3,18.0,0.722,64.0,0.859,2.0,0.5,0.856,0.852,11.5,6.5,1.2,0.7,0.9,0.5,17.9,12.6,19.1,8.4,163.0,104.9,0.481
162,Brandin Podziemski,Gol,G,22.1,60.0,26.5,18.3,10.6,86.0,0.756,296.0,0.517,288.0,0.368,0.534,0.554,11.5,5.1,3.4,1.1,0.2,1.2,16.5,14.9,20.0,8.8,115.9,109.6,0.595
163,Aaron Wiggins,Okc,G,26.3,72.0,22.6,19.8,8.4,75.0,0.813,350.0,0.577,316.0,0.386,0.578,0.594,11.5,3.8,1.7,0.8,0.3,0.8,15.3,13.2,17.0,7.4,119.1,107.8,0.823
164,Tre Jones,Chi,G,25.2,18.0,25.3,16.0,8.8,34.0,0.882,123.0,0.585,22.0,0.5,0.61,0.647,11.5,3.2,4.9,1.1,0.3,0.8,14.7,16.4,19.6,8.9,138.5,116.1,0.456
165,Donte DiVincenzo,Min,G,28.2,58.0,25.9,19.4,13.8,62.0,0.79,146.0,0.479,409.0,0.389,0.556,0.572,11.5,3.7,3.7,1.2,0.3,1.5,15.2,15.2,18.9,8.3,114.0,107.4,0.582
166,Jonas Valanciunas,Was,C,32.9,49.0,20.0,23.8,17.2,106.0,0.896,395.0,0.567,27.0,0.259,0.556,0.602,11.5,8.2,2.2,0.4,0.6,1.8,19.8,13.7,22.0,11.8,114.9,108.5,0.215
167,Jeremy Sochan,San,F,21.9,54.0,25.3,18.9,15.0,125.0,0.696,377.0,0.592,92.0,0.304,0.565,0.589,11.4,6.5,2.4,0.8,0.5,1.5,17.9,13.8,20.3,8.9,116.3,109.8,0.405
168,Toumani Camara,Por,F,24.9,75.0,32.8,14.2,13.8,122.0,0.721,337.0,0.549,341.0,0.375,0.556,0.575,11.2,5.8,2.2,1.5,0.7,1.5,17.0,13.4,19.2,6.4,116.2,109.9,0.443
169,Isaiah Hartenstein,Okc,C-F,26.9,56.0,27.9,16.8,16.7,117.0,0.675,453.0,0.605,19.0,0.0,0.581,0.599,11.2,10.6,3.8,0.8,1.1,1.7,21.8,15.0,25.7,11.0,123.4,96.5,0.823
170,Buddy Hield,Gol,G,32.3,78.0,22.8,20.4,10.9,65.0,0.831,227.0,0.529,517.0,0.371,0.548,0.563,11.2,3.2,1.7,0.9,0.3,1.2,14.4,12.8,16.1,6.9,108.3,109.3,0.595
171,Spencer Dinwiddie,Dal,G,32.0,77.0,26.9,18.1,12.6,236.0,0.797,352.0,0.497,319.0,0.335,0.5,0.554,11.2,2.6,4.4,0.9,0.2,1.3,13.8,15.5,18.2,7.5,116.5,115.0,0.481
172,Walker Kessler,Uta,C,23.7,58.0,30.0,13.8,17.0,152.0,0.52,385.0,0.706,35.0,0.171,0.669,0.658,11.1,12.2,1.7,0.6,2.4,1.5,23.2,12.7,24.9,8.2,128.1,112.8,0.203
173,Duncan Robinson,Mia,F,31.0,71.0,24.3,19.1,11.4,52.0,0.885,177.0,0.554,461.0,0.395,0.582,0.596,11.1,2.3,2.4,0.5,0.1,1.2,13.4,13.5,15.8,6.5,112.6,110.4,0.456
174,Gary Trent Jr.,Mil,G,26.2,71.0,25.6,17.1,6.1,90.0,0.844,216.0,0.468,411.0,0.416,0.57,0.593,11.1,2.3,1.1,1.0,0.1,0.6,13.5,12.3,14.6,4.7,115.1,110.9,0.57
175,Tim Hardaway Jr.,Det,G-F,33.1,74.0,28.2,15.6,6.8,145.0,0.855,218.0,0.486,441.0,0.37,0.532,0.571,11.1,2.4,1.6,0.5,0.1,0.6,13.6,12.8,15.2,5.0,117.4,115.4,0.544
176,Jrue Holiday,Bos,G,34.8,60.0,30.6,15.9,11.8,72.0,0.917,258.0,0.55,300.0,0.353,0.539,0.566,11.1,4.3,3.9,1.1,0.5,1.3,15.5,15.0,19.3,7.5,121.1,110.2,0.747
177,Guerschon Yabusele,Phi,F,29.3,70.0,27.1,16.4,13.4,138.0,0.725,289.0,0.616,274.0,0.38,0.593,0.616,11.0,5.6,2.1,0.8,0.3,1.2,16.6,13.1,18.7,7.5,121.7,112.9,0.291
178,Max Christie,Dal,G,22.2,29.0,30.2,16.4,12.9,57.0,0.877,133.0,0.429,137.0,0.372,0.494,0.537,10.9,4.2,2.5,0.9,0.2,1.4,15.1,13.4,17.6,6.4,106.4,115.3,0.481
179,Kevin Porter Jr.,Mil,G-F,24.9,27.0,19.2,24.5,18.0,69.0,0.884,153.0,0.51,60.0,0.433,0.549,0.606,10.9,3.9,3.4,1.0,0.1,1.7,14.8,14.4,18.3,10.9,114.4,106.0,0.57
180,Terry Rozier,Mia,G,31.1,62.0,26.0,20.6,10.9,108.0,0.852,321.0,0.483,302.0,0.301,0.468,0.503,10.9,3.7,2.6,0.6,0.2,1.2,14.6,13.5,17.2,7.3,103.3,112.9,0.456
181,Jordan Hawkins,Nor,G,22.9,56.0,23.6,21.0,9.4,98.0,0.816,224.0,0.433,332.0,0.331,0.471,0.504,10.8,2.8,1.2,0.5,0.4,1.0,13.6,12.0,14.8,5.6,100.8,121.5,0.266
182,Kelly Olynyk,Nor,F-C,34.0,19.0,25.6,18.4,22.0,57.0,0.754,110.0,0.545,35.0,0.4,0.559,0.603,10.8,6.1,3.6,0.9,0.5,2.2,16.9,14.4,20.5,9.7,114.6,109.0,0.266
183,Dennis Schroder,Det,G,31.6,26.0,25.0,19.8,12.1,93.0,0.839,131.0,0.435,101.0,0.297,0.44,0.517,10.8,2.7,5.3,0.5,0.2,1.2,13.5,16.2,18.8,8.6,117.1,110.6,0.544
184,Nikola Jovic,Mia,F,21.8,46.0,25.1,18.3,13.7,87.0,0.828,168.0,0.56,210.0,0.371,0.558,0.593,10.7,3.9,2.8,0.8,0.3,1.3,14.7,13.6,17.5,7.8,115.2,108.9,0.456
185,Brandon Boston Jr.,Nor,G,23.4,42.0,23.6,20.0,12.0,85.0,0.788,241.0,0.485,140.0,0.35,0.5,0.535,10.7,3.2,2.2,1.3,0.2,1.2,13.9,12.9,16.0,7.2,107.4,115.7,0.266
186,Obi Toppin,Ind,F,27.1,75.0,19.6,19.9,10.0,106.0,0.792,282.0,0.706,286.0,0.371,0.63,0.651,10.7,4.0,1.6,0.6,0.3,0.8,14.7,12.3,16.3,8.3,122.9,110.8,0.608
187,Khris Middleton,Was,F,33.7,14.0,22.1,22.0,13.1,38.0,0.868,79.0,0.494,47.0,0.277,0.464,0.526,10.7,3.7,3.4,1.3,0.2,1.4,14.4,14.1,17.9,9.3,108.8,114.3,0.215
188,Jared Butler,Phi,G,24.6,25.0,23.9,20.9,15.2,39.0,0.846,124.0,0.484,104.0,0.356,0.507,0.538,10.6,2.3,4.9,1.0,0.2,1.6,12.9,15.4,17.8,8.2,111.3,114.5,0.291
189,Lonnie Walker IV,Phi,G-F,26.3,17.0,22.8,21.0,10.7,21.0,0.762,63.0,0.54,95.0,0.337,0.519,0.538,10.6,3.1,2.6,0.5,0.2,1.1,13.6,13.2,16.2,7.7,108.1,118.2,0.291
190,Dennis Schroder,Gol,G,31.6,24.0,26.2,21.1,16.0,39.0,0.744,136.0,0.419,115.0,0.322,0.448,0.474,10.6,2.3,4.4,1.0,0.1,2.0,12.9,15.0,17.3,7.3,98.7,106.3,0.595
191,Jaylen Wells,Mem,F,21.6,78.0,26.1,15.8,9.3,133.0,0.827,283.0,0.523,388.0,0.356,0.529,0.562,10.5,3.4,1.7,0.6,0.1,0.9,13.9,12.2,15.6,6.0,116.9,112.8,0.595
192,Keon Johnson,Bro,G,23.1,76.0,24.3,21.5,12.3,125.0,0.768,365.0,0.46,385.0,0.314,0.466,0.494,10.5,3.7,2.1,1.1,0.4,1.4,14.1,12.6,16.3,7.1,99.4,107.5,0.329
193,Grayson Allen,Pho,G,29.5,60.0,24.1,17.3,12.7,110.0,0.818,123.0,0.496,329.0,0.422,0.596,0.628,10.5,3.0,2.1,0.8,0.3,1.1,13.5,12.6,15.6,6.7,119.1,117.1,0.443
194,Grant Williams,Cha,F,26.4,16.0,29.9,14.8,18.5,37.0,0.838,49.0,0.551,74.0,0.365,0.549,0.596,10.4,5.1,2.3,1.1,0.8,1.8,15.5,12.7,17.8,6.6,111.9,109.5,0.241
195,Andrew Nembhard,Ind,G-F,25.2,62.0,29.1,16.4,17.3,134.0,0.791,349.0,0.556,167.0,0.299,0.521,0.56,10.4,3.4,5.0,1.2,0.2,1.7,13.7,15.4,18.8,7.7,112.9,111.2,0.608
196,Dorian Finney-Smith,Bro,F,31.9,20.0,29.0,14.2,10.2,24.0,0.625,51.0,0.51,108.0,0.435,0.607,0.613,10.4,4.6,1.6,0.9,0.6,0.9,15.0,12.0,16.5,5.9,120.3,110.4,0.329
197,Brice Sensabaugh,Uta,F,21.4,68.0,19.5,21.4,14.9,62.0,0.887,216.0,0.528,337.0,0.415,0.586,0.606,10.3,2.9,1.4,0.6,0.1,1.4,13.2,11.8,14.6,7.1,109.7,116.2,0.203
198,Davion Mitchell,Mia,G,26.6,27.0,32.2,14.1,17.8,40.0,0.7,126.0,0.524,86.0,0.453,0.587,0.603,10.3,2.7,5.2,1.3,0.3,1.7,13.0,15.5,18.2,6.5,119.2,110.3,0.456
199,Herbert Jones,Nor,F,26.5,20.0,32.4,14.7,16.9,40.0,0.825,100.0,0.53,72.0,0.306,0.5,0.541,10.3,3.9,3.3,1.9,0.5,1.8,14.2,13.5,17.4,6.3,107.6,112.9,0.266
200,Nic Claxton,Bro,C,26.0,67.0,27.2,16.8,13.5,150.0,0.513,530.0,0.572,19.0,0.158,0.56,0.563,10.3,7.6,2.3,0.9,1.5,1.3,17.9,12.6,20.2,8.3,113.8,108.9,0.329
